Deyimler;Türkçe Anlamı
Abayı yakmak;Gönül verip âşık olmak, tutulmak
Açığa vurmak;Gizli, saklı bir şeyi herkese duyurmak, ortaya çıkarmak
Açığını bulmak;Herhangi bir işteki eksiği, hileyi veya zararı ortaya çıkarmak
Açmaza düşmek;İçinden çıkılması oldukça güç bir durumda kalmak
Adam olmak;Yetişip büyümek, gelişmek, iş güç sahibi olmak
Adı çıkmak;Kötü bir şöhret kazanmak
Ağzı (bir karış) açık kalmak;Çok şaşırmak, şaşakalmak
Ağzı kulaklarına varmak;Çok sevinmek, sevindiği her hâlinden belli olmak
Ağzında bakla ıslanmamak;Sır saklamayı becerememek, sırrı hemen açığa vurmak
Ağzı süt kokmak;Çok genç, toy ve tecrübesiz olmak
Akan sular durmak;Artık itiraz edilebilecek, karşı durulacak bir nokta kalmamak
Aklı başına gelmek;Zarar gördüğü işlerden uslanıp akıllıca davranmak
Aklı çıkmak;Titizlikle üzerinde durmak, çok korku geçirmek, çok korkmak
Aklı kesmek;Bir şeyin olabileceğine, bir şeyi yapabileceğine inanmak
Aklı çıkmak;çok korku geçirmek, çok korkmak
Aklı karışmak;Ne yapacağını bilememek, bocalamak, şaşırmak
Aklına koymak;Bir şeyi yapmaya kesin olarak karar vermek
Aklını başına almak / toplamak / devşirmek;Mantıksız, ölçüsüz davranışlarda bulunmaktan kendini kurtararak akıllıca bir yola girmek
Aklını (bir şeyle) bozmak;Sapıtmak, delirmek
Aklını çelmek;Kararından, niyetinden vazgeçirip başka bir yola sokmak
Al aşağı etmek;Birini bulunduğu yerden, mevkiden indirmek
Al birini vur ötekine;Hepsi aynı, bir ayarda, hiçbiri işe yaramaz.
Alın teri dökmek;Zahmetli iş görüp çok emek vermek
Allak bullak etmek;Kurulu düzeni bozmak, karmakarışık bir duruma getirmek
Allayıp pullamak;Kötü görünüşü kapatmak için bir şeyi süslemek, donatmak
Allem etmek, kallem etmek;İstediğini elde etmek için her türlü kurnazlığa başvurmak
Alnının akıyla;"Küçümsenecek, ayıplanacak bir duruma düşmeden; tertemiz, şerefiyle, başarılı olarak"
Alnının kara yazısı;Kötü talih, baht
Altında kalmamak;Bir şeyi karşılıksız bırakmamak
Altından kalkmak;Bir zorluğu yenip işi başarmak
Altını üstüne getirmek;Bir şeyi bulmak için aramadık yer bırakmamak
Alttan almak;Sert konuşan birine karşı yumuşak, olumlu, onu haklı görüyormuş gibi tavır almak
Aman dilemek;Önce direnirken zor karşısında boyun eğip canının bağışlanmasını istemek, galip gelenin merhametine sığınmak
Aman vermemek;Göz açtırmamak, rahat bırakmamak
Ana kuzusu;Sıkıntıya, güç işlere alışkın olmayan, nazlı çocuk veya genç
Anası ağlamak;Çok eziyet çekmek, sıkıntıya katlanmak, bitkin duruma düşmek
Anasından doğduğuna pişman etmek;Çok eziyet ederek canından bezdirmek, bir kimseyi çok üzmek
Anasını ağlatmak;Bir kimseye çok eziyet edip sıkıntı çektirmek
Anca beraber, kanca beraber;Birbirimizden ayrılmayacağız, işler iyi de gitse, kötü de gitse hep birlikte yapacağız, beraberliği bozmayacağız
Ara bulmak;Birbirleriyle anlaşamayan, bir araya gelemeyen kişileri uzlaştırmak, barıştırmak
Araları açılmak;"İyi ilişkileri, dostlukları, arkadaşlık bağları kopmak; birbirlerine dargın hâle gelmek"
Aralarından kara kedi geçmek;İyi anlaşan iki kişinin veya dostun ilişkileri bozulmak, aralarına soğukluk girmek, birbirlerine gücenmek
Aralarından su sızmamak;Çok iyi, çok yakın dostluk veya arkadaşlık kurmak, ahbap olmak
Arap saçına dönmek;İşlerin çok karışıp içinden çıkılmaz bir durum alması
Arayı yapmak;rası açık olan iki kişiyi uzlaştırıp, barıştırmak
Ar damarı çatlamak;Utanç duyulacak şeyleri sıkılmadan yapmak, utanmayı bırakmak, yüzsüz olmak
Arı kovanı gibi işlemek;Girip çıkanı, gelip gideni çok olmak
Arka çıkmak;"Birilerine karşı, birini korumak; savunmak, kayırmak"
Arkadan vurmak;Kendisine inanan, güvenen bir kimseye gizlice kötülük etmek
Armut piş, ağzıma düş;Bir işin hiç emek harcamadan olmasını, kendiliğinden hazır olup ayağına gelmesini bekleyenlerin durumu
Arpa boyu kadar gitmek;Çok az ilerlemek
Asıp kesmek;İşkence etmek, zalimce tavırlarda bulunmak
Askıya almak;Geciktirmek, belirsiz olarak ertelemek, bir işi zamanında yapmayıp savsaklamak
Aslı astarı olmamak;Yalan, asılsız olmak, gerçek payı bulunmamak
Astığı astık, kestiği kestik;Davranışlarından dolayı kimseye hesap vermeyen, istediği gibi davranan, çok sert kimseler
Aşağı tükürsen sakal, yukarı tükürsen bıyık;Sakıncalı oluşları eşit olan iki karşıt davranıştan birine karar verememe zorunluluğu
Ateş bacayı sarmak;Bir iş ya da olay önüne geçilemez, tehlikeli bir durum almak
Ateşe atmak;Birini çok tehlikeli bir işe bile bile sokmak
Ateşle oynamak;Çok tehlikeli, zarar verecek bir işin üstüne üstüne gitmek ya da böyle bir işe girişmek
Ateş pahası;Çok pahalı
Ateş püskürmek;Çok öfkeli olmak, ağır sözler söylemek
Atı alan Üsküdar`ı geçti;Fırsat kaçtı, artık yapılacak şey kalmadı
Atıp tutmak;Kendi gücünü aşacağı işler yapacağını söylemek, abartılı konuşmak, Birisinin arkasından ileri geri konuşmak, kötü sözler etmek
Attan inip eşeğe binmek;Bulunduğu dereceden, mevkiden, önemli görevden daha aşağı bir yere inmek veya alınmak
Avucunu yalamak;Umduğunu ele geçirememek, beklediğini elde edememek
Ayağı ile gelmek;Kendi isteği ile gelmek
Ayağına dolaşmak / dolanmak;Birisinin yaptığı işe engel olmak
Ayağına kapanmak;Kendini küçük düşürerek yalvarıp yakarmak
ayaklarına kara su inmek;Bir yerde ayakta beklemekten veya uzun süre dolaşmaktan çok yorulmak
Ayağını çekmek;Daha önce gittiği yere artık uğramaz olmak, ilişkiyi ve ilgiyi kesmek
Ayağını denk almak;Birilerinin kendisine karşı yapacakları muhtemel kötülüklere karşı uyanık davranmak, tedbirli olmak
Ayağını kaydırmak;Bir yolunu bularak birini bulunduğu işten, mevkiden uzaklaştırmak
Ayağının tozuyla;Henüz dinlenmeden, yoldan gelir gelmez
Ayağını sürümek;Verilen bir görevi ağırdan yapmak
Ayağını yorganına göre uzatmak;Gelirini giderine uydurmak, harcamalarda geliri aşmamak
Ayak diremek;Bir şeyde ısrar etmek, karşı koymak, kendi kararından vazgeçmemek
Ayaklar altına almak;Önem verilmesi gereken şeyleri hiçe saymak, çiğnemek
Ayakları geri geri gitmek;Bir yere istemeye istemeye, gönülsüz gitmek
Ayaklı kütüphane;Çok şey okumuş, her sorulana cevap veren, çok şey bilen, okudukları aklında kalmış kimse
Ayak takımı;İşe yaramaz, bilgisiz, görgüsüz, kaba, serseri, değersiz kimselerin bütünü
Ayak uydurmak;Kendi gidiş ve davranışını başkasınınkine benzetmek
Ayak üstü / üzeri;Kısa süre içinde, acele olarak
Ayıkla pirincin taşını;Bir işin oldukça karışık, dolaşık, içinden çıkılması güç olduğu
Babasının hayrına;Hiçbir çıkar elde etmeden, sadece iyilik olsun diye
Bacak kadar;"Ufak tefek; kısa boylu "
Bağrına basmak;Sevgi gösterip onu koruyuculuğuna almak
Bağrı yanık;Çok dertli, acılı (kimse).
Bahtı açık;"İşleri yolunda giden; talihi açık, şansı açık"
Bahtı bağlı olmak; İşleri İstediği gibi yürümemek
Bahtı kara;Talihi kötü olan
Baklayı ağzından çıkarmak;Gizli tuttuğu şeyleri açıklamak
Bal gibi;Pekâlâ, adamakıllı
Balık istifi;Çok sıkışık , üst üste, kalabalık
Baltayı taşa vurmak;Farkında olmadan karşısındakini rahatsız edecek, kızdıracak söz söylemek
Bam teline basmak;Bir kimseyi duyarlı olduğu bir konuda kızdıracak söz söylemek, davranışta bulunmak
Bana mısın dememek;Zorlu bir işe, etkene vb’ye dayanmak, bunlardan hiç etkilenmemek
Baston yutmuş gibi;Sallanmadan, dimdik
Başa baş;Eşit, denk
Başı çekmek;Bir işte ön ayak olmak, bir işin yapılmasında öncü olmak
Başı dara düşmek;Sıkıntılı bir durum içinde olmak
Başı dik;"Onurlu; onurlu biçimde"
Başı dumanlı;Açık seçik düşünebilecek, karar verebilecek, durum da olmayan
Başı göğe ermek;"Beklenmedik bir anda büyük bir mutluluğa kavuşmak; bundan ötürü çok böbürlenmek"
Başına buyruk;Hiç kimseden izin almak gereğini duymadan, istediği gibi davranan
Başına çıkarmak;"Birinin hoşgörüsünü, yakınlığını fırsat bilip şımarıkça davranmak; tepesine çıkmak"
Başına çorap örmek;"Birini kötü duruma düşürmek için gizli plan hazırlamak; çorap örmek"
Başına kakmak;Yaptığı iyiliği, iyilik yaptığı kimsenin yüzüne karşı söyleyerek onu incitmek
Başına vur, ağzından lokmasını al;Uysal, boyun eğen
Başından atmak;Rahatsızlık veren, artık sıkıcı olan bir kimseyle ilişkiye son vermek
Başından büyük işlere girişmek;Bilgi, beceri ve yetkisini aşan işleri yapmak istemek, bunlara yeltenmek
Başından (aşağı) kaynar su (sular) dökülmek;Üzücü, utandırıcı bir olay, durum karşısında büyük bir sıkıntı duymak
Başından savmak;Onu herhangi bir bahane ile uzaklaştırmak
Başını döndürmek;Çok beğenmek, büyük bir ilgi duymak
Başının etini yemek;"Birisinden ısrarla, bıkkınlık verecek ölçüde bir şeyler istemek; kafasının etini yemek"
Başını şişirmek;Çok konuşmak ya da gürültü vb. ederek başının ağrımasına yol açmak
Başını taşa vurmak;Bir fırsatı kaçırınca ya da başarısızlığa uğrayınca çok üzülmek
Başını yakmak ;Onu tehlikeli bir duruma sokmak, zarar sokmak
Başı sıkışmak;Herhangi bir güçlükle karşılaşmak
Başı sonu belli değil;Çok düzensiz, karmakarışık
Baş kaldırmak;Ayaklanmak, isyan etmek, karşı gelmek
Baştan savma;Özen göstermeden, gelişigüzel bir biçimde yapılan
Bel bağlamak;Ona güvenmek, inanmak
Belini doğrultmak;İşlerini düzene koymak
Benzi atmak;Korkudan ya da heyecandan yüzü sararmak
Beş para etmez;Hiçbir değeri yok
Beş paralık olmak;Ayıpları ortaya döküldüğü için küçük düşmek
Beş parasız;Yoksul, parasız
Beyninden vurulmuşa dönmek;Kötü bir haber alıp, hiçbir şey düşünmeyecek duruma gelmek
Beyni sulanmak;sağlıklı düşünebilme gücünü yitirmek
Bıçak kemiğe dayanmak;Sıkıntı, zahmet, artık dayanılamayacak bir duruma gelmek
Bıçak sırtı; Çok az fark, zaman
Bıyık altında gülmek;Birinin içinde bulunduğu duruma alay ederek, belli etmeden gülmek
Biçilmiş kaftan;Bir işe, kimseye en uygun , en elverişli olan
Bildiğini okumak;Başkalarının sözüne kulak asmadan istediği gibi davranmak
Bileğinin hakkıyla;Kendi çalışması ve gücüyle.
Bin dereden su getirmek;Birini kandırmak için bir yığın gerekçe ileri sürmek, aldatıcı sözler söylemek
Bindiği dalı kesmek;Yarar sağladığı bir şeyi ortadan kaldırmak, kendisi için zararlı duruma getirmek
Bir arpa boyu yol gitmek;Önemsiz denecek kadar az ilerleme sağlamak
Bir ayağı çukurda;Çok yaşlanmış, ölüme epeyce yakın
Bir baltaya sap olmak;Belirli bir iş tutmak, bir meslek sahibi olmak
Bir bardak suda fırtına koparmak;Önemsiz denecek kadar küçük bir sorunu büyütüp, kavga konusu yapmak
Bir çuval inciri berbat etmek;Yolunda giden bir işi, yanlış bir hareketle ya da sözle bozmak
Bir dediğini iki etmemek;her istediğini yerine getirmek
Bir deri bir kemik;Vücutça çok zayıf
Bir eli yağda bir eli balda;Zenginlik, bolluk içinde
Bir iğne bir iplik kalmak;Bir üzüntü, hastalık vb. nedeniyle çok zayıflamak
Bir kaşık suda boğmak;"Bir kimseye çok kızmak; kin duymak"
Bir kulağından girip öteki kulağından çıkmak;Söylenilenlere önem vermemek, hiç uymamak, onları dikkate almamak
Bir tahtası eksik;Pek akıllı olmayan
Bir taşla iki kuş vurmak;Bir davranışla, yararlı iki sonuç elde etmek
Bir yaşına daha girmek;Şaşılacak yepyeni bir durumla karşılaşmak
Boğazına düğümlenmek;Heyecan, korku, vb. yüzünden söyleyeceklerini söylememek
Boğazından kesmek;Para arttırmak için yiyeceğinden kısıntı yapmak
Bol keseden;Ölçüsüz olarak
Bol keseden atmak;Yerine getirilmesi güç vaatler bulunmak
Borç harç;Borçlanarak, borca girerek
Borusu ötmek;Nüfuzu olmak, sözü dinlenmek, sözü geçmek
Boş atıp dolu tutmak;Umutsuz gibi görünen bir işten olumlu sonuç almak
Boş bulunmak;Dikkatsiz ve dalgın bir durumda bulunmak
Boş gezenin boş kalfası;İşsiz güçsüz dolaşan kimse
Boş vermek;önem vermemek, aldırmamak
Boy göstermek;Gösteriş olsun diye ortalıkta görünmek
Boynu bükük;Acınacak, zavallı kimse
Boynum kıldan ince;Haksız olduğum anlaşılırsa, verilecek her ceza ya boyun eğeceğim
Boynunun borcu;Bir kişinin yapmak zorunda olduğu iş
Boynuz isterken kulaktan olmak;Daha iyi bir şey elde etmek isterken elindekini de yitirmek
Boyundan büyük işlere kalkışmak;Başaramayacağı işlere kalkışmak
Boyun eğmek;Güçlü birinin isteğini zorla ya da istemeyerek kabul etmek
Boyunun ölçüsünü almak;Giriştiği bir işte başarısızlığa uğrayıp beceriksizliğini ya da yetersizliğini anlamak
Bozuk para gibi harcamak;Bir kimsenin değerini sıfıra indirmek, onu başkalarının yanında küçük düşürmek
Bozuntuya vermemek;Olup bitenleri anlamamış, görmemiş, söylenenleri duymamış gibi davranmak, durumu İdare etmek
Bulunmaz Hint kumaşı;Az bulunur, çok değerli bir şey ya da kimse
Buluttan nem kapmak;En küçük bir şeyden bile alınmak, çok alıngan olmak
Bu ne perhiz, bu ne lahana turşusu;Sözleri ve davranışları birbirini tutmuyor
Burnundan getirmek;Birini bir şeyi yaptığına yapacağına pişman etmek
Burnundan kıl aldırmamak;Kendisine hiçbir söz söyletmemek, huysuz ve gururlu olmak, eleştiriye tahammülü olmamak
Burnundan solumak;Çok öfkelenmek, sinirlenmek
Burnunda tütmek;çok özlemek, istemek, aramak
Burnunun dikine gitmek;Başkalarının öğütlerine kulak asmayıp kendi bildiği gibi davranmak
Burnunu sokmak;Kendisini ilgilendirmeyen işe karışmak
Burun kıvırmak;beğenmemek, küçümsemek
Buz üstüne yazı yazmak;Süresi ve etkisi pek az olan bir iş yapmak, sözleri etkisiz kalmak
Cadı kazanı;Fesadın ve dedikodunun çok olduğu
Caka satmak;Çalım satmak, gösteriş yapmak
Can atmak;Çok istemek, çok arzulamak
Can damarı;Bir şeyin en önemli noktası, en mühim unsuru
Can evinden vurmak;En etkileyici, en can alıcı yönden saldırmak
Can kulağıyla dinlemek;Kendini vererek, büyük bir dikkatle dinlemek
Can pazarı;Herkesin kendi canının kaygısına düştüğü ve kendi canını kurtarmaya çalıştığı tehlikeli bir durum, yer
Cana can katmak;"İnsanda yaşama sevincini artırmak; insana neşe, heves ve iç gücü vermek"
Canı çıkmak;Çok yorulmak
Canına okumak;Bir kimseye büyük bir zarar vermek, kötülük etmek
Canına tak demek;Sabrı kalmamak, bir sıkıntıya dayanamaz duruma gelmek
Canını dişine takmak;Büyük sıkıntıları, tehlikeleri göze alarak bir işi başarmaya çalışmak
Canı tatlı;Acıya, üzüntüye ve sıkıntıya katlanmayan
Canı tez;Sabırsız, beklemeye tahammülü olmayan
Cebi delik;Parasız, cebinde para tutmasını bilmeyen
Ciğeri beş para etmemek;Değersiz, kendisine güvenilmez, korkak, aşağılık
Ciğerimin köşesi;Çok sevdiğim
Ciğerini okumak;Karşısındakinin gizli düşüncelerini bilmek, aklından geçenleri anlamak
Cin fikirli;Zeki, çok kurnaz, her zaman kendi çıkarını kollayan, çok anlayışlı
Cümbür cemaat;Topluca, hep birden
Çakı gibi;Canlı ve atik, çevik
Çam devirmek;Farkında olmadan karşısındakini kıracak ya da kötü bir sonuca yol açacak söz söylemek, davranışta bulunmak
Çanak tutmak;Söz ve davranışlarıyla kavgaya, kargaşaya yol açmak
Çantada keklik;Ele geçirilmesi o kadar kesin ki elde edilmiş sayılır
Çar çur etmek;Gereksiz, lüzumsuz yere harcayıp tüketmek
Çarşaf gibi;Dalgasız, dümdüz ve durgun
Çat kapı;Aniden, beklenmedik bir anda
Çekip çevirmek;Yönetmek, düzene sokmak, hâle yola koymak, çalışmasını sağlamak
Çene çalmak;Gevezelik ederek, çok konuşarak vakit geçirmek
Çene yarıştırmak;Karşılıklı gevezelik etmek, boş konuşmak
Çetin ceviz;Yola getirilmesi, yenilmesi zor rakip
Çığırından çıkmak;Yoldan sapmak, doğru ve uygun gidişten ayrılmak, artık düzelemez hâle gelmek
Çıngar çıkarmak;Gürültü patırtı, karışıklık ve kavga çıkarmak
Çıt çıkarmamak;Çok sessiz olmak, hiç ses çıkarmamak, gürültü yapmamak
Çiçeği burnunda;Çok taze, acemi
Çileden çıkmak;Çok öfkelenmek, olan bitenler karşısında dayanıklılığı kalmayıp taşkınlık göstermek
Çorap söküğü gibi gitmek;Başlayan bir işin birbirine bağlı diğer bölümlerinin kolaylıkla halledilmesi
Çorbada tuzu bulunmak;Yapılan bir iş ya da hizmette az da olsa çabası, emeği bulunmak
Çürük tahtaya basmak;Tedbirsiz hareket edip, kötü sonuçlanacak bir işe girişmek
Dağ devirmek;Çok zor görünen işleri başarmak
Dağdan gelip bağdakini kovmak;Daha sonradan geldiği bir yere ya da karıştığı bir işte eskiden beri bulunan bir kişinin yerini almaya çalışmak
Dalavere çevirmek;Yalan, dolan ve hile ile kötü bir iş yapmak
Daldan dala konmak;Çok sık, düşünce ya da konu değiştirmek
Dalına basmak;Hiç hoşlanmadığı şeyleri yaparak birisini öfkelendirmek
Dallanıp budaklanmak;Genişleyip yayılmak, gittikçe büyüyerek karışık bir durum almak
Damdan düşer gibi;Aniden, yersiz olarak
Dananın kuyruğu kopmak;Olay patlak vermek, beklenen ve korkulan sonucun gerçekleşmesi
Dara düşmek; Paraca sıkıntıya uğramak
Dar boğaz;Sıkıntılar ve güçlükler içinde geçirilen, geçici kabul edilip sonunda ferahlık umulan durum
Darda kalmak;Darda kalmak
Dar kafalı;"nlayışı, kavrayışı az; yeniliklere açık olmayan"
Defterden silmek;İlişkisini kesmek, yok saymak, adını anmaz olmak, unutmak
Defteri dürülmek; İşine son verilerek bir yerden uzaklaştırılmak
Defteri kapamak;İlgiyi kesmek, uğraşmaz olmak, söz konusu işi yapmaz olmak
Deli fişek;Atak, delişmen, delice işler yapan, şımarık
Deliksiz uyku;Hiç uyanmadan, çok rahat, uzun süre uyunulan uyku
Demir atmak;Bir yerde uzun süre kalmak
Denizden çıkmış balığa dönmek;Yeni bir işe, ortama, duruma alışmakta zorluk çekmek
Deveye hendek atlatmak;Birisine yapılması çok zor, hemen hemen yapamayacağı bir işi yaptırmaya çalışmak
Devlet kuşu;"Umulmadık, iyi talih; zenginlik, mutluluk getiren talih"
Dışı seni yakar, içi beni;Dıştan görünüşü, herkesi imrendirecek kadar güzel ama içyüzü elverişsiz, kötü, sahibini üzücü
Diken üstünde oturmak;Bir yerde tedirginlik duymak, her an kalkmak durumunu belirtir olmak, huzursuz olmak
Dikiş tutturamamak;Bir yerde, bir işte bir sebepten ötürü başarı sağlayamayıp uzun süre kalmamak
Dil dökmek;Kandırmak, inandırmak ya da yararlanmak için tatlı sözler söylemek
Dil uzatmak;Bir kimse veya bir şey için kötü söz söylemek
Dillere düşmek;Hakkında dedikodu yapılmak
Dile kolay;Söylenmesi kolay ama yapılması ortaya konması ya da katlanılması çok güç
Dili tutulmak;Herhangi bir sebepten ötürü söz söyleyemez duruma gelmek
Dili uzun;İncitici, kırıcı sözler söyleyen, saygısız kimse
Dili varmamak;Bir sözü söylemeye gönlü razı olmamak
Dilinden kurtulamamak;Yaptığı bir kabahatten ötürü sürekli olarak, bir kimsenin sitem, eleştiri ve sataşmalarına uğramak
Dilinde tüy bitmek;Sık sık söylemekten bıkmak, usanmak
Dilinin ucuna gelmek;Hatırladığı şeyi söyleyecekken yine unutuvermek
Dilini tutmak;Sonunu düşünerek gelişigüzel konuşmaktan sakınmak, ölçülü konuşmak, rast gele konuşmamak
Diline pelesenk etmek;Bir sözü her zaman, yerli yersiz tekrarlamak
Dinden imandan çıkmak;Çok sinirlenmek, öfkelenmek, kızgınlık duymak
Dini bütün;Dinin emirlerini eksiksiz yerine getirmeye çalışan, inancı sağlam olan, dinine çok bağlı
Dirsek çürütmek;Okumak, öğrenim görmek için uzun yıllar çalışmak
Diş bilemek;"Öç almak, kötülük yapmak için fırsat kollamak; öfkesini gösterir durum almak"
Diş geçirememek;Etkisiz kalmak, güç yetirememek, hükmünü yürütüp sözünü dinletememek
Dişe dokunur;Hatırı sayılır, işe yarar, belirtilmeye değer, önemli
Dişinden tırnağından artırmak;Yiyeceğinden, içeceğinden vb. ihtiyaçlarından keserek zorla biriktirmek
Dişine göre;Yapabileceği, gücünün yeteceği, becerebileceği, uygun bir durumda
Dişini sıkmak;"Darlığa, sıkıntıya dayanmak; her türlü zorluğa katlanmak"
Dize getirmek;Kendisine karşı geleni alt ederek buyruğunu dinler duruma getirmek, boyun eğdirmek
Dizginleri ele almak;Yönetimi ele geçirmek, işi kendisi yönetmeye başlamak
Dizini dövmek;Çok pişman olmak
Dizinin bağı çözülmek;Korkudan, heyecandan, yorgunluktan ayakta duramayacak hâle gelmek
Dokuz doğurmak;Merakla, heyecanla, sabırsızlıkla, sıkıntı çekerek beklemek
Dolap çevirmek;Hile, düzen ve dalavere ile iş yapmak
Dolu dizgin;Önüne geçilemeyecek biçimde, çok fazla olarak
Doluya koydum almadı, boşa koydum dolmadı;İçinden çıkılamayan güç bir durum
Dostlar alışverişte görsün;"Gösteriş olsun; amaç iş yapıyor görünmek, iş yapmak değil"
Dört ayak üstüne düşmek;Tehlikeli bir durumdan hiç zarar görmeden kurtulmak
Dört dönmek;Bir işi yapmak için korku, heyecan, telâş, şaşkınlık içinde sağa sola koşmak, çare aramak
Dört elle sarılmak;Yapacağı işe büyük bir önem verip özen göstererek girişmek
Dört gözle beklemek;Özleyerek, çok isteyerek, büyük bir sabırsızlıkla beklemek
Dudak bükmek;Umursamamak, beğenmemek, küçümsemek
Dudak ısırtmak;Hayran bırakmak
Dumanı üstünde;Çok taze
Dut yemiş bülbüle dönmek;"Susmak; konuşkanlığını, sevincini, neşesini yitirmek; sesi çıkmaz olmak"
Düğün evi gibi;Çok kalabalık ve telâşlı görülen yer
Dümen çevirmek;Düzen kurup, hileli iş yapmak
Dünya başına yıkılmak;Dara düşmek, felâkete uğramak, umutlarını yitirmek
Dünya gözü ile;Ölmeden önce, yaşarken
Dünyalar onun olmak;Oldukça çok sevinmek
Dünyanın kaç bucak olduğunu anlamak;Dünyada insanın başına neler gelebileceğini öğrenmek, zorluklarla karşılaşmak, tecrübe kazanmak
Dünyanın öbür ucu;Çok uzak yer
Dünyayı toz pembe görmek;İyimser olmak, üzücü durumlara bile iyi gözle bakmak
Düşe kalka;İşi kimi zaman iyi, kimi zaman kötü olarak güçlükle, uğraşa uğraşa (yapmak)
Düşman çatlatmak;Nisbet yapmak, iyi durum ve başarılarıyla düşmanı kızdırmak ve kıskandırmak
Ecel teri dökmek;Çok korkmak, heyecan içinde bulunup terlemek, korku ve bunalım içinde olmak
Eceline susamak;Ölümüne yol açacak kadar tehlikeli işlere girişmek
Eciş bücüş;Çarpuk çurpuk, eğri büğrü, düzgün yanı olmayan, çirkin bir biçim almış bulunan
Efkâr dağıtmak;Sıkıntıyı gidermek, üzüntüyü yok etmeye çalışmak
Ekmeğinden etmek;İşinden çıkarmak veya atmak
Ekmeğine yağ sürmek;Birinin yararına göre eylemde bulunmak, istemese de birinin işine yarayacak biçimde hareket etmek
Ekmeğini kazanmak;Geçimini temin edecek, ihtiyaçlarını karşılayacak parayı kazanmak
Ekmeğini taştan çıkarmak;En zor işleri bile yapıp geçimini sağlayacak becerilikte olmak, her türlü işi yapmak
Ekmek elden su gölden;Kendisi kazanmayıp başkalarının kazancı ile geçinen
 Ortalıkta kimse kalmamak, ıssızlaşıp sessizleşmek;Çalışıp para kazanılan, geçim sağlayan iş yeri
Ekmek parası;Kazanç, geçinmek için kazanılan para
Eksik gedik;Ufak tefek ihtiyaçlar
El açmak;Dilenmek
El altından;Kimsenin haberi olmadan, gizlice
El atmak;Bir işe girişmek
El ayak çekilmek; Ortalıkta kimse kalmamak, ıssızlaşıp sessizleşmek
Elde avuçta bir şey kalmamak;Parasını, malını, tüm varlığını harcayıp bitirmiş olmak
Elde etmek;Bir şeye sahip olmak
Elden ayaktan düşmek;Yaşlılık, hastalık sebebiyle iş yapamaz, yürüyemez, kendi işini göremez duruma gelmek
Elden geçirmek;"Eksiklikleri düzeltmek, onarmak; denetlemek için pek çok şeyi ele alıp yoklamak, gözden geçirmek"
Ele avuca sığmamak;Söz dinlememek, kural tanımamak, zapt edilememek
Ele vermek;Bulunduğu yeri haber vererek suçluyu yakalatmak
Eli açık;Cömert
Eli ağır;Oldukça yavaş iş yapan
Eli altında olmak;İstediği anda ele alıp kullanabileceği bir yerde bulunmak
Eli ayağı buz kesilmek;Korku, heyecan ve üzüntüden ne yapacağını bilemez duruma gelmek, donup kalmak
Eli ayağı tutmak;İş yapabilecek güçte olmak, bedenî gücü var olmak
Eli bol;Cömert, esirgemeyen, çok para ve eşyası olan
Eli boş dönmek;Umduğunu alamadan geri dönmek
Eli çabuk;Süratli iş gören
Eli darda;Geçimi için para sıkıntısı çeken
Eli hafif;İncitmeden, can yakmadan iş gören
Elinden tutmak;Destek olmak, ilerlemesi için yardımda bulunmak
Eline düşmek;Birine muhtaç olmak
Elini çabuk tutmak;Hızlı davranmak, acele etmek
Elini kana bulamak;Birini öldürmek veya yaralamak
Elini kolunu sallaya sallaya gezmek;Pervasızca, çekinmeden, kimseden korkmadan dolaşmak
Elini sıcak sudan soğuk suya sokmamak;Çok nazlı olmak, evde hiçbir iş yapmamak, zor işlerden kaçınmak
Eli sıkı;Kolay para harcamayan, cimri, çok tutumlu
Eli uzun;Hırsız, fırsat buldukça bir şeyler aşırmaktan geri kalmayan
Eli varmamak;Bir işi yapmaya gönlü razı olmamak
El kadar;Küçük, küçücük
El oğlu;Yabancı
El üstünde tutulmak;Çok değer verilip sevilmek, kendisine büyük ölçüde saygı gösterilmek
Emir kulu;Kendisine emredilen işi yapmak zorunda olan kimse
Enine boyuna;Her yönü ile, eksiksiz, bütün ihtimalleri göz önünde tutarak
Esip savurmak;Bağırıp çağırmak, öfke ile atıp tutmak
Eski defterleri karıştırmak;Eski olayları, işleri bir çıkar umuduyla tekrar ele almak, yeniden gündeme getirmek
Eski hamam eski tas;Hiçbir şey değişmemiş, eski durumda kalmış
Eski kafalı;Yeniliğe açık olmayan, yaşayış ve düşünce itibariyle eskiye bağlı
Eski toprak;Yaşlılığına rağmen dinçliğini, dayanıklılığını hâlâ sürdüren, gücünü kaybetmemiş kimse
Eşeğini sağlam kazığa bağlamak;İşini güvenli kılacak önlemler almak
Eşiğini aşındırmak;Bir işi yaptırmak, gördürmek için bir yere çok gidip gelmek
Eşref saat;İş görecek kimsenin uysal davranacağı, aksilik çıkarmayacağı zaman
Etekleri tutuşmak;Çok telâşlanmak, heyecanlanmak
Etekleri zil çalmak;Çok sevinmek, işler yolunda olmak
Etliye sütlüye karışmamak;Kendini ilgilendirmeyen meselelerden, toplumu derinden etkileyen olaylardan uzak durmak, kaçınmak ve hiçbiriyle ilgilenmemek
Et tırnak olmak;Sıkı bir ilişkiye girmek, birbirinden kopmamak
Ettiğini bulmak;Yaptığı bir kötülüğün cezasını görmek
Evdeki hesap çarşıya uymamak;Önceden tasarlanan, düşünülen bir iş umulduğu gibi gitmemek, başka bir yönde gelişmek
Eyvallah etmemek;Minnet altına girip boyun eğmemek
Faka basmak;Tuzağa düşmek, aldatılmak
Falso vermek;Açık vermek veya kusurlu bir durumu olmak, kusuru açığa çıkmak
Fareler cirit oynamak;Bir yer ıssız olmak, kimseler bulunmamak
Feleğin çemberinden geçmek;Hayatta çok günler görmüş, acı tatlı olaylar yaşayıp tecrübe kazanmış, olgunlaşmış
Fellik fellik aramak;Telâşla, hemen her köşeye bakarak heyecanla aramak
Ferman dinlememek;"Kural, yasa, söz dinlememek; hiçbir yerden buyruk almamak"
Fırıldak çevirmek;Düzen kurmak, hileli iş görmek
Fink atmak;Hiçbir şeye aldırmadan gönlünce gezip eğlenmek, şurada burada oynayıp zıplamak
Fiskos etmek;Birilerinin bulunduğu bir yerde birkaç kişi gizlice ve alçak sesle konuşmak
Fitne sokmak;İnsanları birbirine düşürecek, aralarını bozacak davranışta bulunmak, sözler sarf etmek
Fiyat biçmek;Bir şeyin değerini belirlemek, para karşılığını tespit etmek
Fol yok yumurta yok;Ortada (bir konu ile ilgili) hiçbir belirti olmadığı hâlde varmış gibi bir kuşkuya düşmek
Foyası meydana çıkmak;Yalanı, dolanı, hilesi, kötü niteliği, kusuru ortaya çıkmak
Gafil avlamak / avlanmak;Bir kimseyi hazırlıksız ve habersiz bir anında yakalamak, güç duruma düşürmek, güç durumundan yararlanmak
Gaflete düşmek;Dalgın, dikkatsiz, uyuşuk olmak
Gam yememek;Kaygılanmamak, tasa etmemek, üzülmemek
Gani gönüllü;Cömert, eli bol, vermekten kaçınmayan
Gâvur inadı;Yok edilemeyen, önüne geçilemeyen, yumuşatılamayan inat
Gece kuşu;Geceleri gezip dolaşan, bunu huy edinen kimse
Geceyi gündüze katmak;"Ara vermeden, devamlı çalışmak; büyük çaba göstermek"
Geçti Bor’un pazarı (sür eşeğini Niğde`ye);fırsatı kaçırmak
Gel keyfim gel;Bir durumdan duyulan memnunluk, işlerin yolunda gitmesi
Gel zaman git zaman;Aradan epeyce bir zaman geçtikten sonra
Gemi azıya almak;Söz dinlemez olmak
Geri durmamak;Bir işe girmekten kaçınmamak, o işe girişmek
Geri kafalı;Yenilikleri kabul etmeyen, bağnaz, kafası hurafelerle dolu
Gık dememek;Hiç sesini çıkarmamak, yakınmamak, karşı çıkmamak
Gına gelmek;Usanmak, bıkmak
Gırtlağına kadar borca girmek;Pek çok, ödenmesi zor olacak şekilde borçlanmak
Göğsü kabarmak; İftihar etmek, övünç duymak
Göğüs germek;Bir zorluğa dayanmak, karşı koymak
Göklere çıkarmak;Aşırı ölçüde övmek
Gölge düşürmek;Bir şeyin önemini ve değerini azaltacak, ününü düşürecek işler yapmak
Gönlü bol;Yeterli imkânlardan mahrum olmasına rağmen eli açık davranan, cömert
Gönlünden kopmak;Birine iyilik yapma ya da bir şeyi verme isteği, içinde aniden doğuvermek
Gönlü tok;Fazla para ve mal istemeyen, zorunlu ihtiyacı kadarı ile yetinen, imkânları az da olsa bunu hissettirmeyen, bu durumda dahi cömert olan
Gönül almak;Kırılan, gücenen bir kimseyi güzel söz ve davranışlarla yeniden hoşnut etmek
Gönüllü gönülsüz;Pek de istekli olmayarak
Gönül yapmak;Hoşa giden davranışlarla veya sözle birinin kırgınlığını gidermek
Gövde gösterisi;Belli bir amaç için güçlerini birleştiren kalabalıkların yaptıkları gösteri
Göz açamamak;İşlerinin yoğun oluşu sebebiyle başka bir şeyle ilgilenme imkânı bulamamak
Göz açtırmamak;Baskı altında bulundurarak başka bir şeyle uğraşmasına fırsat vermemek
Göz atmak;"Kısaca, dikkatli değil de şöyle bir bakıvermek; üzerinde fazla durmadan elden geçirmek"
Göz boyamak; Gösterişle aldatmak, bir şeyi iyi gibi göstermek, kandırmak, yanıltmak
Göz bebeği;Pek değerli, sevgili, çok önem verilen (kimse)
Gözdağı vermek;Korkutmak, tehdit etmek, istediğini yaptırmak için yıldırmak
Gözden çıkarmak;Bir malın elinden çıkmasına katlanmak, bir şeyden vazgeçmek ve yokluğuna razı olmak
Gözden düşmek;Kendisine daha önce duyulan sevgi ve ilgiyi kaybetmek
Gözden ırak olan gönülden de ırak olur;Ayrı düşenlerin arasındaki sevgi de zamanla azalır
Gözde tütmek;Çok özlemek, hasret çekmek
Göz dikmek;Bir şeyi ele geçirmek isteğinde olmak
Göze almak;Bir iş nedeniyle karşılaşabileceği her türlü zararı ve tehlikeyi önceden kabullenmek
Göze batmak;Başkalarını aşırı söz ve davranışlarıyla tedirgin etmek
Göze çarpmak;Görünüşü ile dikkati üzerine çekmek
Göze girmek;Yetenekleri ve davranışları ile çevresinde, bulunduğu yerde sevgi ve güven kazanmak
Göze göz, dişe diş;"Misilleme; aynı biçimde kötülük yapıp öç alma, kötülüğü yapandan acısını çıkarma"
Göz göre göre;Apaçık şekilde, herkesin gözü önünde
Göz gözü görmemek;Dumandan, karanlıktan ya da yoğun tozdan hiçbir şey görülmez olmak
Göz kararı;Gözle oranlanarak belirtilen miktar, gözle yapılan ölçme ya da oranlama
Göz kırpmamak;Hiç uyumamak
Göz kulak olmak;Korumak, bakmak, gözetmek
Gözleri fal taşı gibi açılmak;Hayret, şaşkınlık ve öfke gibi sebeplerle gözleri iri iri açılmış olmak
Gözleri kan çanağına dönmek;Uykusuzluk, ağlama, kızgınlık ya da bir şeyin kaçması sebebiyle gözlerin çok kızarmış olması
Gözlerini (gözünü) kan bürümek;"Çok öfkeli, kinli olmak; her kötülüğü yapacak hâle gelmek"
Gözlerinin içi gülmek;Çok sevindiğini gözlerinden ve yüzünden belli etmek
Gözleri yollarda kalmak;Özlemle beklemek
Göz ucuyla bakmak;Belli etmemeye çalışarak, başını çevirmeden göz kenarı ile yandan bakmak
Gözü açık;Uyanık, kurnaz, çıkarlarını iyi kollayan, becerikli, zeki
Gözü açık gitmek;Çok istediği şeylere kavuşamadan ölmek
Gözü açılmak;Yararlıyı yararsızı, iyiyi kötüyü ayırt edebilir duruma gelmek
Gözü arkada kalmak;Kendisi ayrıldıktan sonra, bıraktığı şey veya kimse ile ilgili tedirginliği sürmek, merak etmek
Gözü gibi sakınmak;Bir şeye aşırı derecede ilgi duymak, onu koruyup gözetmek, dikkatle muhafaza etmek
Gözü hiçbir şey görmemek;Heyecana, öfkeye ya da önem verdiği bir işe kapılıp başka hiçbir şeyle uğraşamaz duruma gelmek
Gözü ısırmak;Bir kimseyi sanki tanır gibi olmak
Gözü kara;Cesur, atak, korkusuz, tehlikeli işlere tereddüt etmeden girebilen
Gözünde büyümek;Gözünde büyümek
Gözüne girmek;Birinin sevgi ve ilgisini kazanmak
Gözünü daldan budaktan esirgememek;Tehlikeli işlere girişmekten çekinmemek
Gözünü dört açmak;Bir hileye düşmemek, aldanmamak için çok dikkatli olmak
Gözünü kan bürümek;Birisini öldürecek kadar öfkelenmek
Gözünü korkutmak;Yıldırmak, karşı duramaz hâle getirmek
Gözünün önünden gitmemek;Unutamamak, her an görür gibi olmak
Gözünün yaşına bakmamak;Hiç acımamak, merhamet etmemek
Gözü pek;Korkusuz, atılgan, cesur, tehlikelere aldırmayan
Gözü sulu;En küçük sevinç ya da üzüntü karşısında hemen ağlayıveren, gözyaşlarını tutamayan
Gözü tok;Elinde imkânlar olsun olmasın, mal-mülk veya paraya düşkün olmayan, cömert
Gözü tutmak;Güvenmek, beğenmek
Göz yummak;Kabahatlerini, kusurlarını hoş karşılamak, görmezlikten gelmek, bağışlamak
Göz yummamak; Hoş görmemek, bağışlamamak
Gururunu okşamak;Bir kimseyi yüzüne karşı överek, becerilerini söyleyerek duygulandırmak
Gücüne gitmek;Bir söz, bir davranış bir kimsenin onuruna dokunmak, o kimseye ağır gelmek
Güllük gülistanlık;"Sorunları bulunmayan; neşe, bolluk ve huzur içinde olan yer"
Günahını vermez;Çok cimri, eli sıkı
Gün görmek;Bolluk, mutluluk, esenlik içinde huzurlu günler geçirmek
Gün görmüş;Başından nice işler geçmiş, tecrübeli, görüp geçirmiş, çok yaşamış
Gün ışığına çıkmak;Aydınlanmak, açıklığa kavuşmak, anlaşılır olmak
Gününü gün etmek;Eline geçen imkânları değerlendirmek, hiçbir şeyi dert edinmeyip hoşça vakit geçirmek
Güvendiği dağlara kar yağmak;Güvendiği kimselerden yardım alamamak, güvendiği bir şeyin işe yaramadığı anlaşılmak
Güven vermek;Kendisinin güvenilir bir kişi olduğu, kendisine itimat edilebileceği duygusunu uyandırmak
Haber uçurmak;Çabucak, gizlice haber göndermek
Hacet kalmamak;Gereği olmamak, lüzumu kalmamak
Haddini bildirmek;etkisi dışındaki işlere karıştığı için sert bir karşılık vererek onu cezalandırmak, yola getirmek, uslandırmak, yetki sınırını bildirmek
Hafife almak; Küçümsemek, önem vermemek
Hakkı geçmek; Birisinin payından bir başkası almış olmak
Hakkından gelmek;Güç bir işi başarı ile sonuçlandırmak
Hakkını vermek;Bir şeyin lâyıkıyla yapılması için ne gerekiyorsa ondan kaçınmamak
Hakkını yemek;Birinin hakkı olan şeyi vermemek, onu kendisine maletmek
Hâle yola koymak;Düzenlemek, tertiplemek, iyi işler bir duruma getirmek
Hâli vakti yerinde;Zengin, oldukça varlıklı, para durumu iyi
Halka verir talkını kendi yutar salkımı;Kendi verdiği öğütlere kendisi uymaz
Hangi dağda kurt öldü;Kendisinden hiç umulmayan, beklenilmeyen bir kimsenin olumlu davranışı görüldüğünde
Hangi rüzgâr attı;uzun süre bir yerde görünmeyen kimse için kullanılır
Hangi taşı kaldırsan altından çıkar;Hemen her işte parmağı vardır
Hanım evlâdı;Nazlı büyütülmüş, zora gelmeyen, çıtkırıldım kimse
Hapı yutmak;Kötü bir duruma düşmek, zarar ve ziyana uğramak
Haram olmak;Bir şeyden gerektiği gibi yararlanamaz olmak
Harfi harfine;Tastamam, uygun, tıpatıp, gerçekte olduğu gibi
Har vurup harman savurmak;"Hesapsızca, düşüncesizce harcamak; malını, parasını ölçüsüzce, bol bol harcayıp tüketmek"
Hastası olmak;Bir şeye çok düşkün olmak
Hatırı kalmak;Gücenmek, kırılmak
Hava basmak;Büyüklenmek, kibirlenmek, olduğundan fazla görünmeye çalışmak
Havada kalmak;Sonuca bağlanamamak, bir iddia, dayanaksız olduğundan ispat edilememek
Havadan sudan konuşmak;Öylesine, gelişigüzel, rastgele konuşmak
Hava hoş;Şu ya da bu şekilde olması arasında bir fark olmamak
Havanda su dövmek;Bir işle boşuna uğraşmak
Hayatını kazanmak;Çalışıp elde ettiği para ile geçimini sağlamak
Hayat memat meselesi;Sonucu çok tehlikeli olan, ölüm kokan bir durum
Hazıra konmak;Hiçbir emek sarf etmeden, çaba göstermeden başkasının emeği ile ortaya çıkmış olan şeyden yararlanmak
Helâl süt emmiş olmak; İyi huylu, doğru yoldan sapmayan, temiz bir kişi
Hem suçlu hem güçlü;Gerçekte kendisi suçlu olduğu hâlde suç işlememiş gibi davranan ve karşısındakini suçlamaya çalışan kimse
Her kafadan bir ses (çıkmak);Bir konu üzerinde herkesin istediği gibi, rastgele konuşması
Hesabını bilmek;Boş yere para harcamamak, tutumlu davranmak
Hesabını görmek;Alacağını ödeyip ilişkisini kesmek
Hevesi kursağında kalmak;Çok istediği, imrendiği, kavuşmak dilediği şeyi elde edememek
Heyheyleri tutmak;Çok kızıp sinirlenmek
Hık demiş burnundan düşmüş;çok benzemek
Hır çıkarmak;Kavga, gürültü, patırtı ve olaya sebep olmak
Hızır gibi yetişmek;Dara düştüğü, çok sıkıştığı, çaresiz kaldığı bir zaman da, beklemediği bir kişi yardımına yetişmek
Hiçe saymak;Hiç önem ve değer vermemek
Hizaya gelmek;"Aykırı, yanlış davranışlardan vazgeçmek; doğru yola gelmek, düzelmek"
Hop oturup hop kalkmak;a heyecanından ya da öfkesinden yerinde duramaz olmak
Hüküm giymek;Mahkemece ya da birileri tarafından kendisine ceza verilmek
Hüsrana uğramak;Bir konuda beklenilen sonuca ulaşamamaktan dolayı çok üzülmek, acı çekmek
Icığını cıcığını çıkarmak;Bir meseleyi en ince ayrıntılarına kadar soruşturmak, incelemek
Ikınıp sıkınmak;Bir işi yapabilmek için kendini çok zorlamak
Irağı yakın etmek;Yapılması, gerçekleşmesi zor olan işleri, tüm güçlükleri yenerek gerçekleştirmek
Isıtıp ısıtıp önüne koymak;Daha önce meydana gelmiş bir olayı ya da bir işi bir düşünceyi yeniden, sık sık tekrarlamak
Iskartaya çıkarmak;İşi yaramaz, değersiz bularak bir yana atmak
Işık tutmak;Bilgisiyle, düşüncesiyle bir konuya açıklık getirmek, tutacağı yolu göstermek
İcabına bakmak;Gereğini yerine getirmek
İcat çıkarmak;Hoşa gitmeyecek bir huy edinmek, hoş olmayan bir davranışta bulunmak
İçi açılmak;Sıkıntısı dağılıp gitmek, ferahlamak
İçi cız etmek;Ansızın içi sızlamak, çok üzülmek
İçi dışı bir (olmak); iki yüzlü davranmayan, düşündüğünü açıkça söyleyen
İçi geçmek; İstemediği halde uyuya kalmak
İçi içine sığmamak;Çok heyecanlanmak, coşkunluk duymak ve sevincini belli etmekten kendini alamamak
İçi kan ağlamak;" İçten, büyük bir üzüntü duymak; dıştan belli etmeyerek çok acımak"
İçine doğmak; bir işin olduğunu ya da olacağını sezinlemek, tahmin etmek
İçine işlemek;Duygulanmak, etkilenmek
İçine kapanmak;Duygularını kimseye açmamak, çevresindeki kişilerle ilişkisini kesmek, yalnızlığa gömülmek
İçine kurt düşmek;Kuşkulanmak, kendisine zarar geleceğinden şüphe etmek
İçine sinmemek; İçi rahat etmemek, yaptığı şeyden memnun olmamak
İçini dökmek;Dertlerini, sıkıntılarını, üzüntülerini anlatmak
İçini kemirmek;Bir üzüntü ve düşünce dolayısıyla rahatsızlık duymak
İçi yanmak;Büyük bir acı sebebiyle çok fazla üzülmek
İçler acısı;Oldukça üzücü, çok acıklı
İçli dışlı olmak;Teklifsiz, çok samimi olmak
İçtikleri su ayrı gitmemek;dost, samimi arkadaş olmak
İğne atsan yere düşmez; Çok kalabalık, yürünecek gibi değil.
İğne ile kuyu kazmak;Zor denecek bir işi yetersiz araç ve gereçlerle başarmaya çalışmak
İğne ipliğe dönmek;Aşırı derecede zayıflamak, kilo vermek
İki arada bir derede (kalmak);Sıkışık, zor şartlar altında (kalmak)
İki ayağını bir pabuca sokmak;Bir kimseyi, bir işi yapması için zorlamak, sıkıntıya sokmak
İki cihanda yüzü ak olmak;Doğru ve faziletli yaşayıp dünya ve ahirette mükafat görmek
İki dirhem bir çekirdek;Çok şık, özenli giyinmiş (kimse)
İki eli kanda olsa;Ne kadar önemli olursa olsun, elindeki iş hiç bırakılamayacak derecede olsa bile
İki eli yakasında olmak;"hesap gününde ondan davacı olmak; hakkını istemek"
İki gözü iki çeşme;Sürekli, çok ağlayarak
İkili oynamak;Birbirine karşı olanlardan hem birini, hem ötekini çıkarı için destelemek
İki paralık etmek;Değerini, onurunu çok düşürmek
İki yakası bir araya gelmemek;Geçim sıkıntısı içinde olmak ve borçtan kurtulamamak, gelir ve giderini denkleştirememek
İleri geri konuşmak;Yersiz, kırıcı, yaralayıcı biçimde konuşmak
İnce eleyip sık dokumak;Titizlik göstermek, bir şeyi en ince ayrıntılarına kadar araştırmak, gözden geçirmek
İn cin top oynamak; Issız, sessiz olmak, bir yerde hiçbir canlı yaratık bulunmamak
İncir çekirdeğini doldurmaz;Çok az veya pek önemsiz
İpe un sermek; İstenilen işi yapmamak için birtakım bahaneler, sebepler ileri sürmek, güçlük çıkarmak, engeller göstermek
İpin ucunu kaçırmak;"Bir yeri yönetmede veya bir şeyi kullanmada gereken ölçüyü kaçırıp, artık duruma hakim olamamak; çıkmaza girmek"
İpiyle kuyuya inilmez;Kendisine güvenilmez, ona güvenilerek bir işe girilmez
İple çekmek;Zamanın gelmesini sabırsızlıkla beklemek, çok istemek
İstifini bozmamak;Bir olay karşısında aldırış etmemek, durum ve davranışını hiç değiştirmemek
İş başa düşmek;Beklediği yardım gelmeyince, kendi işini kendisi yapmak zorunda kalmak
İş çığırından çıkmak;Bir iş asıl amaçtan çıkarak düzelmesi güç bir durum almak, bir bozukluk ve kargaşalık baş göstermek
İşi düşmek;Birinin yardımına ihtiyaç duymak
İşe koşmak;Birini bir iş yapmak üzere görevlendirmek, göndermek
İşi başından aşmak;Pek çok işi olmak
İşi tıkırında olmak;İşi çok uygun ve iyi olmak
İşi yokuşa sürmek;Yapılabilir, görülebilir işi yapmamak için güçlük çıkarmak
İş sarpa sarmak;" İş, içinden çıkılması zor bir durum almak; engellerle karşılaşmak"
İte kaka;Zorla, güçlükle
İzinden yürümek;Birine içten bağlanarak onun başladığı işi aynı anlayışla sürdürmek, fikirlerini ve hareketlerini aynen benimsemek
Jeton düşmek;Anlamak, kavramak
Jetonu geç düşmek;Bir konuyu, sorunu ya da düşünceyi geç ve güç anlamak
Kabak (birinin) başına (başında) patlamak;"Birçok kimsenin ilgili olduğu olaydan yalnızca bir kimse zararlı çıkmak; beklenmediği halde, bir işin zararlı sonucuna katlanmak"
Kabak tadı vermek;Bıktırmak, usanç vermek
Kabına sığmamak;Sevinç ve heyecanından taşkın hareketlerde bulunmak
Kabuğuna çekilmek;Tek başına kalmak, dış dünya ile ilgisini kesmek, kimse ile görüşmemek
Kafadan atmak;Bir konu üzerinde inceleme yapmadan, rast gele konuşmak
Kafadan kontak;Düşüncesiz, delice işler yapan, aklı kıt
Kafa dengi;Davranışları, anlayışları, dünya görüşleri birbirine uymuş kimse
Kafa patlatmak;Bir konu üzerinde pek çok düşünmek, zihin yormak
Kafa tutmak;Karşı gelmek, direnmek, boyun eğmemek
Kafası kazan (gibi) olmak;Zihni yorulmak
Kafası kızmak;Çok öfkelenip sinirlenmek
Kafasına dank etmek;Çoktandır anlayamadığı bir meseleyi bir olay sebebiyle birden bire kavramak, anlamak
Kafasına koymak;Bir şeyi yapmaya kararlı olup zamanını beklemek
Kafası yerinde olmamak;O anda kafası çok yorgun olmak
Kağıda dökmek;Düşüncelerini, duygularını yazıya geçirmek
Kağıt üzerinde kalmak;Yapılması kararlaştırıldığı halde uygulanmamak
Kalbini kırmak;İncitmek, küstürecek kadar üzmek
Kalburla su taşımak;Verimsiz, verim alınamayacak, olmayacak bir işle uğraşmak
Kalburüstü;Benzerleri arasında üstün, seçkin, görünür
Kale almamak;Önemsiz görmek, sözünü etmeye değer bulmamak
Kalıbını basmak;Bir şeye bütün içtenliği ile güvenmek, bir şeyi doğrulamak
Kalıbının adamı olmamak;Görünüşünden bekleneni yapamaz olmak, umulanı ortaya koymamak
Kalıptan kalıba girmek;Çıkar sağlamak için değişik kılıklara girmek
Kalp kazanmak;Güzel bir davranış ve sözle birilerinin sevgisini kazanmak, ilgisini çekmek
Kambersiz düğün olmaz;Bir toplantı, eğlence veya iş, en çok ilgili kişiler bulunmadan yapılırsa tadı çıkmaz
Kambur üstüne kambur;Sıkıntı üstüne sıkıntı, terslik üstüne terslik
Kanadı altına almak;Korumak, gözetmek, himayesi altına almak
Kan ağlamak;Büyük bir üzüntü içinde olup yakınmak
Kanat germek;Birini korumak, gözetimi altına almak
Kan başına sıçramak;Çok sinirlenmek, öfkelenmek
Kan gövdeyi götürmek;Çok kan akıtılmış olmak, çok insan öldürülmek
Kanı ağır;Davranışları yavaş, sevimsiz, konuşması insana sıkıntı veren, hoşa gitmeyen kimse
Kanı bozuk;Soysuz, iğrenç işler yapmaktan geri durmayan
Kanı kaynamak;Hareketli, coşkun olma
Kanı pahasına;Yaralanmayı veya öldürülmeyi göze alarak
Kanıyla ödemek;Yaptığı işin cezasını hayatıyla ödemek
Kan kusmak;Çok eziyet, sıkıntı çekmek
Kan kusturmak;Çok büyük sıkıntı ve eziyet çektirmek
Kanlı bıçaklı olmak;Birbirlerinin kanını dökecek, birbirlerini öldürecek kadar birbirlerine düşman olmak
Kanlı canlı;Sağlıklı, sapasağlam, dinç ve diri olduğu yüzünden belli olan
Kan ter içinde kalmak;Çok yorgun, terli, bitkin ve perişan durumda olmak
Kapağı atmak;Sıkıntılı bir yerden kurtulup rahat edeceği bir yere kavuşmak
Kapı dışarı etmek;Kovmak, dışarı atmak
Kapısını aşındırmak;İstediğini elde edinceye kadar birinin yanına çok sık gidip gelmek
Kara çalmak;Birine iftira etmek, leke sürmek, haksız yere suçlamak
Kara gün dostu;Yalnız iyi günlerde değil sıkıntılı, üzücü, düşkünlük günlerinde de insanın yardımına koşan, dostunu yalnız bırakmayan kimse
Karalar bağlamak;Bir felaket dolayısıyla yas tutmak
Karaman’ın koyunu sonra çıkar oyunu;Dış görünüşe aldanmamalı, bir kişi ya da iş olağan görünebilir, ancak altından neler çıkabileceği hiç belli olmaz, o sonra görünür.
Karda gezip izini belli etmemek;Kimsenin sezemeyeceği biçimde gizli bir iş çevirmek, uygunsuz işler yapmak
Kargacık burgacık;Eğri büğrü, kötü, okunması güç, çarpık, düzensiz
Kardeş payı yapmak;Eşit oranlarda bölmek, paylaştırmak
Karınca duası gibi;Çok küçük, sık ve okunaksız, birbirine girmiş
Karınca yuvası gibi kaynamak;Çok kalabalık ve hareketli olmak
Karınca kararınca;Az, önemsiz ve küçük de olsa, gücü yettiği kadar, elinden geldiğince
Karman çorman;Karmakarışık, çok karışık, düzensiz
Karnı geniş;Hiçbir şeyi tasa etmeyen, titizlenmeyen, gamsız
Karnı tok;sözlerine kanmamak, önem vermemek
Karnı tok sırtı pek;Geçimi iyi, hali vakti yerinde, para sıkıntısı olmayan
Karnı zil çalmak;Çok acıkmış olmak
Kaş göz etmek;Kaş ve göz hareketleriyle bir işaret vermeye, istediğini bu yolla anlatmaya çalışmak
Kaşıkla yedirip, sapıyla göz çıkarmak;Bir iyilik yaptıktan sonra, bu iyiliği hiçe indirecek bir kötülük yapmak
Kaşla göz arasında;Çok çabuk, kimsenin sezmesine fırsat vermeyecek kadar az bir zaman içinde
Kaş yapayım derken göz çıkarmak;İşi düzelteyim, bir iyilik yapayım derken büsbütün bozmak ve büyük bir zarar vermek
Katı yürekli;Acımasız, merhametsiz
Kayıtsız kalmak;Umursamamak, önem vermemek, ilgi göstermemek
Kazan kaldırmak;Yönetime karşı topluca karşı gelmek, baş kaldırmak
Kazık yutmuş gibi;Dimdik
Kazın ayağı öyle değil;Durum veya meselenin sanılan gibi olmaması
Keçileri kaçırmak;Düşünme yeteneğini kaybetmek, aklını oynatmak, delirmek
Kedi ciğere bakar gibi (bakmak);İmrenerek, iştahla, ele geçirme isteği ile bakmak
Kedi gibi dört ayak üstüne düşmek;En zor, en tehlikeli durumdan zarar görmeden kurtulmak
Kedi olalı bir fare tuttu;İlk defa, neden sonra kendisinden beklenen bir iş yapabildi
Kefeni yırtmak;Ağır bir hasta ölüm tehlikesini atlamak
Kel başa şimşir tarak;Pek çok ihtiyaç giderilmeyi beklerken gereksiz özenti ve gösteriş
Keli görünmek;Bir kabahati, kusuru ortaya çıkmak
Kelle götürür gibi;Gerekli olmayan bir acelecilikle, bir şey ulaştıracakmış gibi çok hızlı koşarak
Kelleyi koltuğuna almak;Ölümü göze alarak bir işe kalkışmak
Ölümü göze alarak bir işe kalkışmak;Tutumlu davranmak, açlığa ve susuzluğa katlanmak
Kem küm etmek;Anlatmak istediğini açık seçik ifade edememek, bir soru karşısında bocalayıp cevap bulamayarak anlamsız sözler söylemek
Kendi halinde (olmak);Sessiz, hiçbir şeye karışmayan, karışmak istemeyen, sakin (kimse)
Kendi kendine gelin güvey olmak;Başkalarının ne diyeceğini hesaba katmadan, bir işi sadece kendi başına tasarlayıp olmuş sayarak sevinmek
Kendi kendini yemek;İstediği iş olmadı diye gizli gizli üzülmek, kaygı duymak
Kendinden geçmek;Kendini kaybetmek, bayılmak, bilinci işlemez olmak
Kendinden pay biçmek;Bir durumu kendi durumu ile karşılaştırmak, değerlendirmek
Kendine yedirememek;Yapılan bir işi onur kırıcı görüp, kişiliğine dokunmuş sayarak tepki göstermek
Kendine yontmak;Ortaya çıkan fırsattan yararlanıp başkalarını düşünmeyerek hep kendi çıkarını sağlayacak yönde hareket etmek
Kendini ağır satmak;Kendisinden yapılması istenen işi, birçok ricadan, birçok ısrardan sonra yapmayı kabul etmek
Kendini alamamak;İstemeyerek bir işi yapmak durumunda kalmak, yapmamayı edememek, kendini tutamayıp yapmak
Kendini ateşe atmak;Bilerek zor ve tehlikeli bir işe girişmek
Kendini dev aynasında görmek;"Kendisini olduğundan büyük bir adam sanmak; üstün, yetenekli, güçlü görmek"
Kendini kaptırmak;Bir şeyin etkisinden kendini kurtaramamak
Kendini toplamak;Kötü, bozuk olan durumunu düzeltmek
Kendini tutamamak;Bir durum karşısında sessiz ve heyecana kapılmadan durmayı başaramamak, kendine hakim olamamak
Kendini vermek;Bir şeye bütün varlığıyla bağlanmak, başka şeylerle ilgisini kesip yalnızca onunla ilgilenmek, bir şeyi tüm gücüyle yapmaya çalışmak
Kendi yağıyla kavrulmak;"Elindekiyle yetinmeye, kimseye muhtaç olmadan yaşamaya çalışmak; ihtiyaçlarını kendi karşılayarak kimseden yardım istememek"
Kene gibi yapışmak;"akasını bir türlü bırakmamak; istenmediği hâlde, çıkar sağladığı için birinin peşini bırakmamak"
Kesenin ağzını açmak;Bol para harcamaya başlamak
Keyfinin kahyası (olmamak);Birisine karışmaya hakkı olmamak, istediği gibi yaşamasına engel olmamak
Keyif çatmak;Neşeli olmak, hoş ve eğlenceli zaman geçirmek
Keyif ehli;Rahatına düşkün kimse, zevkinden bol bol yararlanan
Kılı kırk yarmak;Titizlenmek, çok dikkat ederek en ince ayrıntılarına kadar incelemek, önemle üstünde durmak
Kılına dokunmamak;Bir kimseye, zarar verebilecek en ufak davranıştan bile kaçınmak
Kılını bile kıpırdatmamak;Bir durum karşısında en küçük bir tepki bile göstermemek, ilgisiz kalmak, harekete geçmemek
Kıl payı (kalmak);Çok az, az bir fark (kalmak)
Kırk dereden su getirmek;Birini kandırmak için çok dolambaçlı gerekçeler ileri sürmek, ikna edebilmek için çok uğraşmak
Kırklara kırışmak;Bir kimse artık ortalıkta görünmez olmak
Kırk tarakta bezi bulunmak;Birbirinden farklı birçok işle uğraşmak, birçok ilişkisi bulunmak, gizli ilişkileri olmak
Kısmetini (nimetini) ayağıyla tepmek;"Kavuşacağı iyi bir durumu, kıymetini bilmeyerek reddetmek; istememek, değerlendirememek"
Kıssadan hisse almak;Bir olaydan, anlatılan bir hikâyeden ders almak
Kıt kanaat (geçinmek);Yoksulluk içinde, zar zor ve güçlükle (geçinmek)
Kıvamına gelmek;En uygun zamanında olmak, gerekli ve istenilen şartlar yerine gelmek, istenilen duruma gelmek
Kıyamet kopmak;Bir yerde çok gürültü ve patırtı kavga, telaş olmak
Kızarıp bozarmak;Utanarak renkten renge girmek, kimi duyguların etkisiyle yüzünün rengi değişmek
Kızıl (kızılca) kıyamet kopmak;"Bir meselede büyük, aşırı, gürültülü bir kavgaya yol açmak; yüksek sesli tartışma başlatmak"
Kilit noktası;Bütün işlerin çözümlenmesi ona bağlı olan önemli unsur, üzerinde durulması gereken en önemli nokta, makam veya yer
Kimseye eyvallah etmemek;Kimseden yardım ve iyilik beklememek, kimsenin minneti altına girmemek
Kirli çamaşırlarını ortaya dökmek;"Ayıp, suç ve kusurlarını, gizli kalmış yolsuzluklarını açığa çıkarmak; açıklamak, söylemek"
Kitabına uydurmak;Yasal olmayan bir işi kimi boşluklardan yararlanarak yasalmış gibi göstermek
Kokusu çıkmak;Gizli yapılmış bir iş, daha sonra herkes tarafından bilinir olmaya başlamak
Kolaçan etmek;Çevresini ya da kendisinden istenilen yeri dolaşıp ne var ne yok diye bakmak, olup biteni anlamak amacıyla dolaşmak
Kol kanat olmak;Yardım etmek, gözetmek, bir kimseyi koruyuculuğu altına almak
Koltukları kabarmak;Kendisine ya da yakınlarına yapılan övgüden ötürü kıvanç duyup büyüklenmek, böbürlenmek
Kolu kanadı kırılmak;Çaresiz duruma düşmek, bir şey yapamaz hale gelmek
Korktuğu başına gelmek;Endişe duyduğu, kaygılandığı, olmasını istemediği şeyle karşı karşıya gelmek
Koyun kaval dinler gibi;Düşünmeden, hiçbir şeyi anlamadan, ne denildiğini kavramadan dinlemek
Kozunu paylaşmak;Aradaki anlaşmazlığı zora başvurarak, üstün olan güce dayandırarak çözümlemek, sona erdirmek
Kök salmak;Bir yere iyice, ayrılmamacasına yerleşmek
Kök söktürmek;Uğraştırmak, güçlük çıkarmak, engel olmak
Kör dövüşü;Sonuç alınamayacak ve birbirini engelleyecek biçimde, bir birinden habersiz düzensiz ve uyumsuz çabalama
Köstek olmak;Engel olmak
Körü körüne;Düşünüp taşınmadan, nasıl sonuçlanacağını hesaplamadan, dikkat etmeden
Kraldan çok kralcı olmak;Birinin davasını ondan daha çok savunur olmak
Kucak açmak;İhtiyaç sahibi birine sığınacak yer vermek, onu korumak
Kukumav kuşu gibi;Yapayalnız, tek başına
Kulağı delik;Olup bitenleri çabuk haber alan, hemen her şeyden haberi olan
Kulağı kirişte (olmak);Söylenecek sözü, gelecek haberi dikkatlice (beklemek)
Kulağına çalınmak;Bir söz, bir haber başkasına söylenirken kendisi de şöyle böyle duymak
Kulağına kar suyu kaçmak;Rahatını bozan bir haber işitmek, sıkışık bir duruma düşmek
Kulağına küpe olmak;Başına gelen bir işten, gördüğü olaydan ders alıp hiç unutmamak
Kulağını açmak;Bütün dikkatini vererek dinlemek, söylenenlere dikkat etmek
Kulak asmamak;Aldırıp önemsememek, dinlememek
Kulak dolgunluğu;Duya duya elde edinilen yarı buçuk bilgi
Kulak kabartmak;Çaktırmadan, belli etmemeye çalışarak dinlemek
Kulak kesilmek;"Çok iyi, bütün dikkatini vererek dinlemek; dikkatini toplayarak duymaya çalışmak"
Kulaklarını çınlatmak;Birini iyi duygularla anmak
Kul köle (veya kurban) olmak;Tam bir doğruluk içinde gönülden bağlanmak, bağlılığın gerektirdiği fedakarlığı yapmaya hazır olmak
Kulp takmak;Bir kusur, bir bahane bulmak
Kumpas kurmak;Birini aldatmak için tuzak kurmak, gizli bir iş düzenlemek
Kurtlarını dökmek;Öteden beri yapmak istediği şeyi bol bol yapıp hevesini almak
Kurt masalı okumak;İnandırıcı, gereksiz, asılsız sözler (söylemek)
Kuru iftira; Hiçbir kanıtı olmayan suçlama
Kuş beyinli;Akılsız, aptal, ahmak
Kuş kadar canı olmak;Küçük, cılız, zayıf, çelimsiz bir vücuda sahip olmak
Kuş sütüyle beslemek;En pahalı, değerli az bulunur besinlerle yiyip içirmek
Kuş uçmaz, kervan geçmez;Çok ıssız, sapa, kır, insanın uğramadığı yer
Kuş uçurmamak;"Hiç kimsenin geçmesine, kaçmasına izin vermemek; imkân tanımamak, bunun için çok dikkatli davranmak"
Kuvvetten düşmek (kesilmek);Gücü iyice azalmak
Kuyruğuna basmak;Birini tahrik etmek, incitip saldırmasına yol açmak
Kuyruk sallamak;birisine yaranmak için yapmacık davranışlarda bulunup şirin görünmeye çalışmak
Kuyusunu kazmak;Birinin kötü duruma düşmesi, felakete uğraması, zarar görmesini sağlamak için zemin hazırlamak, tuzak kurmak
Küçük dilini yutmak;Çok şaşmak, hayrete düşmek, donakalmak, hiçbir şey söyleyemez hale gelmek
Küçük düşürmek;Onurunu kırmak, birilerinin yanında itibarını sarsmak ve değerini düşürmek
Küçük görmek;Önemsememek, değer vermemek
Külahını ters giydirmek;"Çok kurnaz olmak; oyuna getirmek"
Külahları değişmek;Araları bozulmak, bozuşmak
Kül kesilmek;Heyecan ve korkudan yüzünün rengi atmak, solmak
Külünü (göğe) savurmak:;Bir şeyi tamamiyle bitirip yok etmek, harcayıp tüketmek, telef edip bir şey bırakmamak
Kül yutmamak;Oyuna gelmemek, tuzağa düşmemek, kurnazca yapılan bir hileye aldanmamak
Künyesi bozuk;Eskiden kötü durumları görülmüş olan, kötü işlere girmiş bulunan
Küplere binmek;Haddinden fazla öfkelenme, kızmak, sağa sola ateş saçmak
Lafa boğmak;Birinin söz söylemesine fırsat vermeyip meseleyi gereksiz ve boş sözlerle anlaşılmaz kılmak, gürültüye getirip uzatmak
Laf (söz) altında kalmamak;Bir münakaşa sırasında söylenen her dokunaklı söze karşılık vermek, söz altında ezilmemek
Laf atmak;Dokunaklı sözlerle sataşmak, uzaktan işittirmek
Lafa tutmak;Birini konuşarak, gereksiz meseleler anlatarak işinden alıkoymak
Lafı (sözü) ağzına tıkamak;Birinin sözünü bitirmesine fırsat vermemek, onu susmak zorunda bırakmak, konuşmasını önlemek
Lafı (sözü) ağzında gevelemek;Söylemek istediğini açık olarak bir türlü söyleyememek, şundan bundan bahsetmek
Lafı ağzında kalmak;Söyleyeceğini söylemeye zaman bulamamak, konuşmasını bitirememek
Lafı (sözü) çevirmek;Konuşmasının sakıncalı bir biçim aldığını fark edince söze başka bir yön vermek, başka konuya geçmek
Lafını (sözünü) bilmek;Tutarlı ve mantıklı konuşmak, sakıncalı olmayan ve birini kırmayan sözler söylemek, saygılı ve yerinde konuşmak
Laf işitmek;Birisi tarafından paylanmak, azarlanmak
Laf (söz) taşımak;Aralarını açmak maksadıyla birinin bir kimse hakkında söylediği hoş olmayan sözlerini o kimseye ulaştırmak, söz getirip götürmek
Laf (söz) yetiştirmek;Bir söze karşılık vermekte gecikmemek, durmadan konuşmak
Lamı cimi yok;Hiçbir bahane, itiraz, mazeret, duraksama, karşı gelme yok
Leb demeden leblebiyi anlamak;Daha sözün başında ne demek istediğini anlamak, anlayışlı ve kavrayışlı olmak
Leke sürmek;Suç yüklemek, birinin onurunu sarsacak biçimde iftirada bulunmak
Leyleğin yuvadan attığı yavru;Yakınlarından ilgi görmeyen, çevresinin uzaklaştırdığı kimse
Lokma ağzında büyümek;Herhangi bir sebepten, acı ya da üzüntüden dolayı lokmasını yutamamak, yiyememek
Madalyanın ters (öteki) yüzü;Olumlu bir olay, iş ya da durumun düşünülmesi, hesaba katılması gereken olumsuz yönü
Mahşer midillisi;Kısa boylu, fitneci kimse
Mahşer gibi;Çok kalabalık
Mal bulmuş mağribi gibi;Büyük bir zenginliğe kavuşmuşcasına büyük sevinç ve coşku ile
Mantar gibi yerden bitmek;Birdenbire ya da kendiliğinden ortaya çıkmak
Maraza çıkarmak;Anlaşmazlığa yol açacak işler yapmak, kavgaya yol açmak
Masal okumak;İnandırıcı olmayan, oyalayıcı ve avutucu sözler söylemek
Maskara olmak;Gülünç hallere düşmek, alay konusu olmak
Maskesi düşmek;Gerçek yüzü, kimliği, niteliği ortaya çıkmak
Masrafa girmek;Çok para harcamak
Maşallahı var;Bir şey ya da kimsenin iyi durumda olması
Matrak geçmek;Alay etmek, karşısındakiyle eğlenmek, dalga geçmek
Maval okumak;Tutarlı, inandırıcı olmayan, yalan sözler söylemek
Mayası bozuk;Karaktersiz, kötü yaradılışlı, aşağılık (kişi)
Maymun iştahlı;"Kararsız, hevesi çabuk geçen; bugün şunu yarın ötekini beğenen"
Mekik dokumak;İki yer arasında durmadan gidip gelmek
Mendil açmak;Dilenmek
Merhabası olmak;Birisiyle selamlaşacak kadar tanışıklığı, yakınlığı bulunmak
Merhabayı kesmek;Biriyle ilgiyi kesmek, arkadaşlığa son vermek
Mesken tutmak;Yerleşmek
Meteliğe kurşun atmak;Parasız pulsuz kalmak, hiç parası olmamak
Metelik vermemek;Değer vermemek, umursamamak, aldırış etmemek
Meydanı boş bulmak;Kendisine mani olacak kimse bulunmadığı için aşırı davranışlarda bulunmak, bir şeyden çekinmemek
Meydan okumak;Kavga ya da yarışmaya çağırmak, korkmadığını ve çekinmediğini açıkça bildirmek
Mezhebi geniş;Namus konusunda gerekli olan titizliği göstermeyen, kadın-erkek ilişkilerinde dini kaidelere aldırış etmeyen, geniş davranan
Mezar kaçkını;Çok zayıf, bitkin, güçsüz düşmüş kişi
Mırın kırın etmek;Bir isteği yerine getirmemek için çeşitli bahaneler ileri sürüp nazlanmak
Mızıkçılık etmek;Bir oyunu ya da birlikte yapılan bir işi çeşitli bahaneler ileri sürerek bozmaya çalışmak, razı olmamak
Muhallebi çocuğu;Nazlı, el bebek gül bebek büyütülmüş, dayanıksız, narin kimse
Mumla aramak;Çok istek ve özlemle aramak
Muradına ermek;Dileği gerçekleşmek, çok istediği şeye kavuşmak
Mürekkebi kurumadan bozmak;Bir kararı, sözleşmeyi, anlaşmayı yazılmasından kısa bir süre sonra bozmak
Mürekkep yalamış;Az çok öğrenim görmüş, okuyup yazmış, belli bir kültüre sahip olmuş kimse
Nabza göre şerbet vermek;Birinin hoşuna gidecek, eğilimlerine cevap verecek biçimde davranmak
Nalıncı keseri gibi kendine yontmak;Hemen her işte kendi çıkarını düşünerek hareket etmek
Nane molla;Dirençsiz, güçsüz kimse
Naza çekmek;Kendini ağır satmak, bir isteği yerine getirmekte yapmacıklı davranışlarla isteksiz gibi davranmak
Nazı geçmek;İstediklerini yaptıracak kadar hatırı sayılır olmak
Nefes aldırmamak;Dinlenmesine fırsat vermemek, sıkıştırmak, rahat bırakmamak
Nefes tüketmek;Bir şeyi anlatmaktan çok yorulmak
Nefsine yedirememek;Kendine yakıştıramamak, o şeyi yapmayı kendisi için onur kırıcı, ağır bulmak
Ne şiş yansın ne kebap;İki taraf da korunsun, gücendirilmesin, ikisinin de zarar görmeyeceği bir yol bulunsun
Ne tadı var ne tuzu;Hoşa gidecek, zevk alınacak, beğenilecek bir şey değil
Nevri dönmek;Çok öfkelenmek, sinirlenip kızmak ve bu sebeple rengi değişmek
Ne yardan geçer ne serden;İstediği şey fedakârlığı gerektirdiği hâlde, fedakârlığa yanaşmayan ama istediğinden de vazgeçmeyen
Ne yer ne yedirir;Kimsenin yararlanmasını istemez, kendi de yararlanmaz
Nuh der peygamber demez;Son derece inatçıdır, düşüncelerini bir türlü değiştirmez, söylediklerinde ve inançlarında direnir
Nuh Nebi’den kalma;Çok eski modası geçmiş
Numara yapmak;yalandan yapmak, bir şeyi gerçekmiş gibi söyleyerek karşısındakini aldatmak
Nutku tutulmak;Korkudan, üzüntüden, heyecandan konuşamaz olmak
Ocağına düşmek;Birine yardım etmesi için yalvarmak, koruması için sığınmak
Ocağına incir dikmek;Birinin evini barkını dağıtmak, düzenini alt üst etmek, yuvasını yıkıp toparlanamaz hâle getirmek
Ocağını söndürmek;Ailenin dağılmasına sebep olmak, çoluk çocuğunu yok etmek
Ok yaydan çıkmak;Geri dönülemeyecek bir iş yapmak, söz söylemek ya da bir harekette bulunmak
Oldu bittiye getirmek;aceleyle yaptırmak, geri dönülmesi güç ve imkânsız bir durum oluşturmak
Oldu olacak kırıldı nacak;Olanlar oldu, iş işten geçti, olanlar geri dönülemeyecek bir durum aldı, bunu kabul etmek gerek
Olmayacak duaya amin demek;Sonuç vermeyecek bir işle uğraşmak ya da buna destek vermek
Oluruna bırakmak;Bir işin yapılabildiği, olabildiği kadarıyla yetinmek, müdahale etmeden bekleyip sonucuna ne olursa olsun razı olmak
Omuz silkmek;Aldırmamak, önem vermemek, benimsememek
On parmağında on marifet;Çok hünerli, becerikli, ustalığı çok, elinden her iş gelir
Onuruna dokunmak;Onurunu, haysiyetini incitmek
Oralı olmamak;Anlamamış, sezmemiş gibi davranmak
Ortada kalmak;Yersiz yurtsuz kalmak, barınacak yer bulamamak
Ortalığı birbirine katmak;Kargaşa çıkarmak, herkesi birbirine düşürmek
Orta malı;Herkesin yararlandığı
Ortaya dökmek;Gizli olan ne varsa açıklamak
O tarakta bezi olmamak;Bir şeyle, bir işle ilişiği bulunmamak, o şeyle ilgilenmemek
Oyuna gelmek;Aldatılmak, tuzağa düşürülmek
Oyunbozanlık etmek; Mızıkçılık etmek, birlikte yapılması gereken işten tek taraflı vazgeçmek
Oyun etmek;Aldatmak, kurnazlıkla birini tuzağa düşürmek
Öç almak;Yapılan bir kötülüğün acısını aynı derecede bir kötülük yaparak çıkarmak
Ödü patlamak;Ani bir olay sebebiyle çok korkmak
Öküzün altında buzağı aramak;Kimi sebepler, bahaneler uydurarak suç ve suçlu bulma çabasında olmak
Öküz öldü, ortaklık bozuldu;Aradaki yakınlık dayanağı kalktı, yakınlık da kalmadı
Ölçüyü kaçırmak;Uygun derecenin üstüne çıkmak, aşırı gitmek
Ölme eşeğim ölme (yaza yonca bitecek);Umutsuz bir bekleyiş
Ölü fiyatına;Yok pahasına, değerinden çok ucuza, az bir para ile
Ölümüne susamak;Yapmakta olduğu tehlikeli işte ölümü kendi üzerine çekecek davranışta bulunmak
Ölüp ölüp dirilmek;Ard arda gelen sıkıntılı, acı veren durumlara düşmek
Ömür çürütmek;Uzun süre bir şey için emek vermiş olmak, ya da boşuna zaman harcamış olmak
Ömür törpüsü;İnsanı yıpratan, yoran, sıkıntıya sokan, uzun ve yorucu iş
Ön ayak olmak;Bir işin yapılmasında ilk başlayan olup herkesi arkasından sürüklemek
Öpüp başına koymak;Bir şeyi minnetle karşılamak, seve seve kabul etmek
Örtbas etmek;Kötü bir durumu gizlemek, yayılmasını önlemek
Örümcek kafalı;Geri düşünceli, yenilikleri kolay kabul etmeyen
Özenip bezenmek;Çok özen gösterip titizlikle, ayrıntılarına varıncaya değin ele almak
Özü sözü bir;Düşünceleri, söyledikleri ve yaptıkları bir olan, ne düşünüyorsa onu söyleyen, içi dışı bir olan kimse
Pabucu dama atılmak;Kendisinden üstün birinin çıkmasıyla gözden düşmek, değer ve itibarını kaybetmek
Pabucunu ters giydirmek;Güç bir duruma düşürerek telaşlandırmak, bu telaşla kaçmasına sebep olmak
Pabuç bırakmamak;Yılmamak, korkmayıp yapacağından vazgeçmemek
Paçaları sıvamak;Bir işi yapmak için hazırlanmak
Paçayı kaptırmak;Yakalanmak, ele geçmek
Paçavrasını çıkarmak;Çok hırpalamak, sağlam yerini koymamak, işe yaramaz bir duruma getirmek
Paçayı kurtarmak;Bir ilişkiden veya önce girişip sonra pişman olduğu bir işten yakasını sıyırmak
Palas pandıras;Acele olarak, hazırlanmaya zaman bulamadan
Palavra atmak;Abartarak söylemek, yalan söylemek, olmayacak şeylerden söz etmek
Paldır küldür;Büyük bir gürültü ile
Pamuk ipliği ile bağlamak;Etkisi az sürecek, köksüz, geçici bir çözüm yolu bulmak
Papara yemek;Çok azarlanmak
Para babası;Çok zengin, parası bol olan
Para canlısı;Parayı çok seven, paraya düşkün
Parasını sokağa atmak;Değeri olmayan bir işe ya da mala para vermek
Paraya kıymak;Gereken yerde para harcamaktan kaçınmamak
Paraya para dememek;Çok para kazanmak, Bol para harcamak
Parmağı ağzında kalmak;Çok şaşırmak, hayrete düşmek
Parmağına dolamak;Bir konuyu her fırsatta, her yerde ele alıp konuşmak, o konu ile uğraşmak
Parmağında oynatmak;Birine her istediğini yaptırmak, onu kukla gibi kullanmak
Parmağını bile oynatmamak;Hiç tepki göstermemek, kayıtsız kalmak
Parmak basmak;Bir nokta üzerine dikkati ya da ilgiyi çekmek
Parmak ısırmak;Büyük şaşkınlık duymak, hayrete düşmek
Parmakla gösterilmek;Seçkin, ünlü olmak
Parmaklarını yemek;Bir yemeğin çok lezzetli olması
Patırtı çıkarmak;Kavga, kargaşa, gürültü çıkarmak
Patlak vermek;Gizlenen ya da hoş karşılanmayan bir durum aniden ortaya çıkmak
Pay biçmek;Bir fikir elde edebilmek için, durumu bir şey ile kıyaslamak
Payidar olmak;Kalmak, yok olmamak, yaşamak
Pay çıkarmak;Bir olay ya da davranıştan tecrübe kazanmak, hisse kapmak, tutulacak yolu belirlemek
Pestilini çıkarmak;Çok çalıştırıp adamakıllı yormak
Peyda olmak;Ortaya çıkmak, belirmek, oluşmak
Pılıyı pırtıyı toplamak;Hemen bütün eşyalarını toplayarak bir yere gitmek üzere hazırlık yapmak
Pire için yorgan yakmak;Önemsiz bir şey için kızıp daha büyük zarara yol açacak davranış içine girmek
Pireyi deve yapmak;Küçük, basit bir olayı büyütüp mesele yapmak, aşırı abartmak
Pişmiş aşa su katmak;Yoluna girmiş, bitmek üzere olan bir işi bozmak ya da aksatmak
Pişmiş kelle gibi sırıtmak;Anlamsız, çirkin, yersiz, dişlerini göstererek gülmek
Posta koymak;Birini korkutmak, gözdağı vermek, tehdit etmek
Postayı kesmek;İlişkiyi kesmek, gidip gelişi sona erdirmek
Post kavgası;Bir makamı, işi ya da iktidarı ele geçirme çekişmesi
Postu kurtarmak;Can tehlikesini atlatmak, öldürülme tehlikesi olan yerden kaçıp kurtulmak
Postu sermek;Kısa bir süre için gittiği yerde, saygısızca ve sorumsuzca uzun süre kalmak
Pot kırmak;Gaf yapmak, farkında olmayarak karşısındakini kıracak, incitecek söz söylemek
Pupa yelken;Alabildiğince, hiçbir şeye bağımlı olmadan
Pusulayı şaşırmak;Ne yapacağını bilemez duruma düşmek
Put gibi;Kımıltısız, sessiz, anlamsız bir bakışla
Put kesilmek;Sessiz, kımıltısız bir durumda kalmak
Püsküllü belâ;Kendisinden kurtulunması bir türlü mümkün olmayan, büyük sıkıntı, zarar veren kimse veya şey
Rafa kaldırmak;Bir iş üzerinde artık durmamak, o işi kenara itmek, ihmal etmek
Rahatına bakmak;Hiçbir şeye aldırış etmeden rahatını sağlamaya çalışmak
Rahatlık batmak;Rahat, iyi bir yerdeyken o yeri olmayacak nedenlerden ötürü terk eden insanlar
Rahat yüzü görmemek;"Huzur, bolluk, hiç rahatlık görmemek; sürekli sıkıntı, darlık içinde bulunmak"
Rast gitmek;Bir iş istenilen biçimde gelişmek
Rayına oturmak;Bozulmuş, düzensiz hâle gelmiş bir işi yoluna koymak, iyi duruma getirmek
Rengi atmak;Korku, heyecan sebebiyle benzi sararmak
Renkten renge girmek;Heyecan, korku ve utanmadan dolayı yüzünün rengi değişmek, sıkılmak
Renk vermemek;"Bir konu ile ilgili duygularını, düşüncelerini belli etmemek; bildiği halde bilmez gibi görünmek"
Rest çekmek;Kesin tavır almak, herhangi bir konuda son sözü söylemek
Ruhu bile duymamak;"Anlamamak; hiçbir bilgisi, haberi bulunmamak; olan biteni sezememek"
Ruhunu teslim etmek;Ölmek
Rüyasında bile görememek;Olacağını hiç aklına getirmemek, ihtimal vermemek
Rüzgar gelecek delikleri tıkamak;İstenmeyen bir duruma veya zarar gelebilecek bir gelişmeye karşı her türlü önlemi almak
Saati saatine uymamak;Bir kimsenin durumu, huyu sık sık değişir olmak
Sabaha çıkamamak;Sabahtan önce ölmek, sabaha kadar yaşayamamak
Sabahı etmek;Sabahlamak, bir sebeple sabaha kadar uyumamak
Sabahın köründe;Çok erken, ortalık henüz ağarmadan, sabahın en erken vaktinde
Sabır taşı;Çok sabırlı kimse, türlü sıkıntılara katlanan
Sabrı taşmak;"Katlanamaz, dayanamaz, sabredemez olmak; tahammül gücü kalmamak"
Saç ağartmak;Bir işte uzun zaman çalışıp emek vermiş olmak
Saçına ak düşmek;Yaşlanmak, ihtiyarlamaya başlamak
Saçını süpürge etmek;Çok büyük istekle çalışıp hizmet etmek, özveri ile birileri uğrana çalışmak
Saç saça baş başa;kıyasıya kavgaya tutuşmak, birbirlerini hırpalayarak kapışıp dövüşmek
Saç sakal birbirlerine kırışmak;Üstü başı perişan, uzun süre saç ve sakal tıraşı olmamış, kendine çeki düzen vermemiş olmak
Sağ gözünü sol gözünden sakınmak;Çok kıskanmak, üzerine titremek
Sağır sultan bile duydu; İşitmedik kimse kalmadı, hemen herkes işitti
Sağı solu (belli) olmamak;Bir durum karşısında nasıl davranacağı, ne tavır takınacağı belli olmamak
Sağlam kazığa bağlamak;Bir işin aksamadan yürümesini sağlayacak önlemleri alarak güvenilir bir duruma koymak
Sağlam pabuç değil;"Doğruluğuna, namusluluğuna güvenilmez; kişiliği kuşku veren"
Sakalı ele vermek;Başkasının sözünden çıkmayacak bir duruma düşmek, birinin idaresine girmek
Sakız gibi yapışmak;Peşini bırakmamak, ayrılmamak, istediğini yaptırmaya çalışmak
Salkım saçak;Dağınık, düzensiz bir durumda
Sallantıda kalmak;Bir çözüme bağlanamamak, nasıl olacağı bilinmeden öylece kalmak
Saltanat sürmek;Bolluk, verimlilik içinde yaşamak
Saman altından su yürütmek;Hiç kimseye sezdirmeden iş çevirmek, ortalığı birbirine karıştırmak
Sarı çizmeli Mehmet Ağa;Kim olduğu, nerede oturduğu bilinmeyen kimse
Sarpa sarmak;"Bir iş, çözülmesi çok güç bir durum almak; zorluklar belirmek"
Satıp savmak;Eldeki malı veya eşyaları yok pahasına satmak, ucuza satıp tüketmek
Sayıp dökmek;Ne var ne yok hepsini söylemek, arka arkaya sıralamak
Sebil etmek;Bolca vermek, dağıtmak
Sedyelik olmak;Ayakta duramayacak hâle gelmek
Seferber olmak;Bir işe eldeki tüm imkânları kullanarak girişmek
Selamı sabahı kesmek;"Dostluğu, arkadaşlığı, ahbaplığı kesmek, her türlü ilişkiye son vermek; selamına bile karşılık vermemek"
Selâm verip borçlu çıkmak;Küçük bir ilgi göstermek karşılığında hemen kendisine bir iş yüklenilmek
Sen giderken ben geliyordum;Ben bu oyunları senden daha iyi bilirim, ben daha tecrübeliyim, beni aldatamazsın
Senli benli olmak;Çok samimi, içten, teklifsiz biçimde olmak
Sen sağ ben selâmet;İş sonuçlandı, artık yapacak bir şey kalmadı
Sere serpe;Rahatça, sıkışık olmayarak, serbestçe
Sermayeyi kediye yüklemek;Parasını yiyip bitirmek, işini ve parasını kaybetmek, batırmak
Ser verip sır vermemek;"Dürüst, güvenilir, ağzı sıkı olmak; ne kadar zorlanırsa zorlansın kimseye sırrını söylememek"
Ses çıkarmamak;İtiraz etmemek, hoş görerek karşı çıkmamak
Seyirci kalmak;Bir olay karşısında hiç tepki göstermemek, işe karışmamak
Sıcağı sıcağına;Hemen, olayın üzerinden fazla zaman geçmeden, unutulmadan
Sıcak kanlı;Sevimli, cana yakın, sempatik
Sıdkı sıyrılmak;Birinden soğumuş olmak, tiksinmek
Sıfırı tüketmek;Elinde avucunda bir şey kalmamak, malı ve parayı bitirmek
Sık boğaz etmek;Bir şey yaptırmak için birini zorlamak, baskı altına almak
Sıkı fıkı;Çok samimi, birbirine çok bağlı, içten ve teklifsiz
Sıkıntıya gelememek;Kendini dara düşürücü işlere dayanıklı olamamak, bu işleri yapma yeteneği bulunmamak
Sırra kadem basmak;Bir kimse ortalıktan yok olmak
Sırım gibi;İnce yapılı olmasına mukabil güçlü, dayanıklı
Sırtından geçinmek;Asalak yaşamak, birinin kesesinden sağlamak
Sinek avlamak;Satış yapamamak, iş ve müşteri olmadığından boş oturmak, iş yapamaz olmak
Sinekten yağ çıkarmak;"Hemen her şeyden, olmayacak şeyden bile çıkar sağlamaya çalışmak; yarar ummak"
Sineye çekmek;Bir zarara, hoş olmayan bir duruma, bir kötü söz veya davranışa ister istemez katlanmak
Sinirleri alt üst olmak;"Haddinden fazla sinirlenmek; ne yapacağını şaşırmak, bilememek"
Sinirleri yatışmak;Öfkesi veya kızgınlığı geçmek, sakinleşmek
Sinirleri gergin olmak;En ufak bir olay çıktığı anda tepki gösterecek kadar sinirleri bozuk olmak
Sipsivri kalmak;Tek başına, çaresiz ortada kalmak
Sivri akıllı;Kimsenin aklını beğenmeyen, düşünceleri kimseninkine benzemeyen, acayip fikirleri olan
Soğuk almak;Üşüyüp hastalanmak
Soğuk kanlı;kolayca kızmayan, heyecana kapılmayan, telaş etmeyen
Soğuk nevale;Sevimsiz, söz ve davranışları sıcak olmayan, insanlardan uzak duran kimse
Solda sıfır (kalmak);Hiçbir değeri ve önemi yok
Soluk aldırmamak;Çok sıkı çalıştırmak, dinlenmesine fırsat vermemek
Son kozunu oynamak;Elindeki son imkanı kullanmak, son çareye başvurmak
Sonradan görme;Sonradan zenginleşerek gösteriş, kibarlık, övünme gibi davranışlarda bulunan
Soyup soğana çevirmek;Her şeyini, varını yoğunu elinden almak
Söz altında kalmamak;Bir kimsenin kendisini inciten sözüne benzer şekilde cevap vermek
Söz birliği etmek;Bir olayla ilgili olarak aynı şeyleri söylemek üzere anlaşmak, aynı görüşte olmak
Sözde kalmak;Yapılması kararlaştırılmış bir iş gerçekleşmemek
Söz geçirmek;Dediğini yaptırmak
Söz götürmez;Gerçekliği, doğruluğu kesin ve açık olan
Söz (laf) işitmek;Paylanmak, azarlanmak, biri kendisine darılmak
Söz kaldırmamak;Onu inciten, onuruna dokunan söze dayanamayıp karşılık verir olmak
Söz sahibi olmak;Herhangi bir konuda konuşmaya yetkisi bulunmak
Sözü ağzında bırakmak;Söylemekte olduğu şeyi bitirmesine fırsat vermemek, engel olmak
Sözü bağlamak;Konuştuklarını bir sonuca vardırmak, konuşmayı sonuçlandırmak
Sözüne gelmek;En sonunda karşı çıktığı kimsenin fikrini kabul etmek
Sözünü esirgememek;Ne düşünüyorsa söylemek, kimseden çekinmemek, karşısındakini kıracağım diye kaygılanmamak
Sözünün eri olmak;Verdiği sözü ne pahasına olursa olsun yerine getiren bir kişi olmak
Sözünü yabana atmamak;Bir kimsenin söylediklerine önem vermek
Sudan ucuz;Çok ucuz, adeta bedava gibi
Su gibi akmak;Zamanın çok hızlı geçip gitmesi
Su gibi bilmek;Çok iyi, yanlışsız bilmek veya okumak
Su gibi ezberlemek;Çok iyi, yanlışsız ve takılmadan söyleyebilecek ölçüde ezberlemek
Su götürmez;Kesin, başka bir yoruma açık olmayan
Sululuk etmek;Cıvıklık etmek, taşkın hareketlerde bulunmak, ciddi davranmamak
Surat bir karış;üzüntülü ve somurtkan
Suratını ekşitmek;Hoşnutsuzluğunu yüz ifadesiyle belli etmek
Suya götürüp susuz getirmek;Birinden çok kurnaz olmak, onu aldatabilecek kadar akıllı ve kabiliyetli olmak
Suya sabuna dokunmamak;Sakıncalı konulardan uzak durmak, davranışlarıyla birilerini incitmeyecek yol tutmak
Suyu bulandırmak;İyi, olumlu, yolunda giden bir işi art niyetle karıştırmak
Suyu kaynamak;İş başından uzaklaştırılması zamanı yakın olmak
Suyunca gitmek;Bir kimseyi öfkelendirmeyecek biçimde hareket edip davranışlarını onun isteğine, eğilimlerine uydurmak
Suyunu çekmek;Bir şeye özellikle de para harcanıp tükenmek
Suyunun suyu;Çok uzaktan ilgisi bulunan şey
Su yüzü görmemiş;Hiç yıkanmamış, çok kirli
Su yüzüne çıkmak;Belli olmak, aydınlanmak
Süklüm püklüm;Korkup çekinerek, ezilip büzülerek, utanıp sıkılarak
Sünger çekmek;Unutmak, silmek, hiçbir şey olmamış saymak
Sürüden ayrılmak;Herkesin tuttuğu yolu bırakıp ayrı bir yol takip etmek
Süt dökmüş kedi gibi;Bir kabahat işleyip de bu kabahatinden dolayı utanan, korkan, çekinen kimsenin durumunu
Süt kuzusu;Çok küçük bebek, yavru, korunması gereken küçük çocuk
Süt liman olmak;Dingin, gürültüsüz, sakin olmak
Şad olmak;Sevinmek, mutlu olmak
Şaka götürmemek;Bir iş ya da durum dikkatsizliğe, önemsenmemeye gelmemek
Şakası yok;Tehlikeli
Şamar oğlanı;Herkesin hıncını aldığı, dövdüğü, çattığı, söylendiği kimse
Şamata koparmak;Gürültü, patırtı yapmak
Şapa oturmak;Güç bir duruma düşmek, çıkmaza girmek
Şeşi beş görmek;Yanlış görmek, görüşünde aldanmak
Şeyhin kerameti kendinden menkul;Çok büyük işler yaptığını belirtiyor ama bunu doğrulayacak ne kanıt ne de kimse var ortalıkta
Şeytana uymak;doğru yoldan ayrılmak
Şeytan dürtmek;Durup dururken uygunsuz, kötü bir davranışta bulunmak
Şeytan görsün yüzünü;Onunla hiç görüşmek, bir arada bulunmak istememek
Şeytanın art bacağı;Çok afacan ve yaramaz (çocuk)
Şeytanın bacağını kırmak;Aksiliği, uğursuzluğu yenmek
Şeytanın yattığı yeri bilmek;"Çok kurnaz ve açıkgöz olmak; bilinmesi, hatırlanması güç şeyleri bilmek; pek çok şeyden haberdar olmak"
Şimşekleri üzerine çekmek;"Söz ve davranışlarıyla çevresindekileri kızdırmak; rahatsız etmek; sert eleştirilerine, saldırılarına hedef ve neden olmak"
Şirazesinden çıkmak;Bozulmak, çığırından çıkmak, düzenini yitirmek
Şom ağızlı;Hemen her olayı kötüye yoran, kötü şeyler olacağını söyleyen, ileri sürdüğü ihtimallerin gerçekleşmesinden korkulan kimse
Şunu bunu bilmemek;İtiraz dinlememek, mazeret kabul etmemek, bahane istememek
Şüphe kurdu;Kişinin içini kemiren, onu tedirgin eden kuşku
Tabana kuvvet;Binecek bir şey yok, yayan gitmekten başka çare de kalmadı
Tabanları kaldırmak;Çok hızlı yürümeye ya da çok hızlı koşarak kaçmaya başlamak
Tabanları yağlamak;Hızlıca koşarak kaçmak
Taban tabana zıt;Birbirinin tamamen karşıtı olmak, birbirine çok aykırı
Tadı damağında kalmak;Tadını, lezzetini bir türlü unutamamak
Tadında bırakmak;Ölçülü olup aşırılığa kaçmamak
Tadını çıkarmak;Bir şeyin sağladığı güzelliklerden ya da imkanlardan istediği gibi yararlanmak
Tadını kaçırmak;Zevkine varılmaya çalışılan bir şeyde aşırılığa kaçarak olumsuz bir durum oluşturmak, zevki bozmak
Tadı tuzu kalmamak;Eski zevk veren yanı kalmamak, yavanlaşmak, güzel ve çekici durumu ortadan kalkmak
Tahtalı köy;Mezarlık
Tahtası eksik;Aklı noksan, deli
Takke düştü kel göründü;Kusuru, kabahati örten şey ortadan kalkınca bütün çirkinlikler, hileler, ayıplar ortaya çıktı
Tam takır kuru bakır;İçinde hiçbir şey yok, bomboş
Tam üstüne basmak;İstenilen şeyi bulmak, fikir ve davranışlarında isabet kaydetmek, istenilen sözü söylemek
Taraf tutmak;Bir yanı desteklemek, yan çıkmak
Tarihe karışmak;Yalnız adı anılır olmak veya etkisi yok olmak
Tası tarağı toplamak;Gitmek üzere bütün eşyasını toplamak
Taş atmak;Birine dokunacak, onu incitecek söz söylemek
Taşa tutmak;Üst üste taş atmak, sürekli taşlamak
Taş çıkartmak;Biri, ötekinden niteliğiyle üstün olmak
Taşı gediğine koymak;Zekice bir hareketle gerekli bir sözü tam zamanında ve yerinde söylemek
Taşı sıksa suyunu çıkarmak;Bedence çok kuvvetli, dinç kimse
Taş kesilmek;"Çok şaşırıp ne yapacağını, ne söyleyeceğini bilemez olmak; sesini çıkaramamak, hareket edememek"
Taş üstünde taş bırakmamak;Her şeyi yıkıp yerle bir etmek
Taş yürekli;Hiç acıma hissi taşımayan, merhametsiz
Tatlı dil;Gönül alıcı, hoşa giden, kırmayan konuşma biçimi ya da söz
Tatlı sert;Kırmamakla birlikte yumuşak da olmayan söz ya da davranış
Tatlıya bağlamak;Bir anlaşmazlığı tarafları memnun edecek biçimde bir çözüme ulaştırmak
Tavına getirmek;Bir işi en uygun duruma getirmek
Tava gelmek;Yumuşamak, kanmak
Tavır almak;Belli bir durum ve davranış almak.
Tavşana kaç tazıya tut;Birbirine karşı olan tarafları çatışma için kışkırtma, davranışlarında yüreklendirme
Tavşanın suyunu suyu;İki şey arasında çok uzak bir ilgi olması
Tavşan yürekli;Korkak, ürkek, çekingen
Tebdil gezmek;Tanınmamak için kılık değiştirerek gezmek
Tekerine çomak sokmak;Birinin yolunda giden işini engellemek, aksatmak gibi davranışlarda bulunmak
Temcit pilavı gibi ısıtıp ısıtıp koymak;Bir meseleyi sürekli anlatmak, yeni bir şeymiş gibi birçok defa söz konusu etmek
Temize çıkmak;Bir kimsenin suçsuz olduğu anlaşılmak
Tencerede pişirip kapağında yemek;Zor geçinmek, olanıyla yetinmek
Tencere yuvarlanmış kapağını bulmuş;İki değersiz kişi bir araya gelmiş, birleşmiş, yakışmışlar birbirlerine
Tepeden bakmak;Küçümsemek, kendini üstün görmek
Tepeden tırnağa;Her yanı, baştan aşağı, bütün vücudu
Tepesi atmak;Çok sinirlenmek, birden öfkelenmek
Tepesine binmek;Şımarıklığı sebebiyle her istediğini yapmak, yaptırmak
Tepe tepe kullanmak;Yıpranacağını, eskiyeceğini düşünmeden, sakınmadan istediği gibi kullanmak
Ter dökmek;Bir işi yapmak için çok zahmet, zorluk çekmek
Tereciye tere satmak;Birine çok iyi bildiği bir konuda bilgi vermeye çalışmak
Tere yağından kıl çeker gibi;Hiç kimseye zarar vermeden, çok kolaylıkla kimseye hissettirmeden, kimi sorumluluklardan kurtularak
Ters tarafından kalkmak;Aksi, huysuz ve ters olmak
Ters yüz geri dönmek;İstediğini elde edemeden, eli boş dönmek
Tetikte olmak;Her an uyanık ve hazır bulunmak
Tez canlı;Aceleci, sabırsız, beklemeye dayanamayan
Tez elden;Çabucak, bir an önce, çarçabuk
Tezkeresini eline vermek;Kovmak, işten atmak, işine son vermek
Tıka basa doldurmak;Doldururken çok bastırıp sıkıştırmak, hiç boş yer bırakmamak
Tıka basa yemek;Haddinden fazla yemek, çok yemek, mideyi rahatsız edecek kadar çok yemek
Tok evin aç kedisi;Varlıklı olduğu hâlde doymayan, ihtiyacı olmadığı hâlde aç gözlülük eden, her gördüğüne sahip olmak isteyen (kimse)
Tok gözlü;"Mala, paraya, yiyeceğe düşkün olmayan; cömert"
Tok sözlü;özünü esirgemeden, çekinmeden, hatır gönül dinlemeden söyleyen
Tongaya basmak;Tuzağa düşmek
Topa tutmak;Bir kimseye kırıcı, ağır sözler söylemek
Topun ağzında;Tehlikeye, saldırıya en yakın yerde olmak
Topu topu;olup olacağı, yalnızca, hepsi
Toz kondurmamak;Bir şeyi kusursuz göstermek, onda bir kusurun olabileceğini kabul etmemek
Toz olmak;Ortadan kaybolmak, kaçmak, uzaklaşmak
Toz pembe görmek;"Aşırı iyimser olmak; hemen her aksaklığı, üzücü durumları iyimserlikle karşılamak"
Tozu dumana katmak;Ortalığı altüst etmek, karışıklığa yol açmak, gürültü patırtı çıkarmak
Turnayı gözünden vurmak;Hiç beklenmedik bir kazanç sağlama imkanını ele geçirmek
Turp gibi;Çok sağlıklı, sağlam, rahatı yerinde
Turşusu çıkmak;Çok yorulmak
Turşusunu kurmak;Bir şeyi kullanmak, harcamak gerekirken kıyamamak
Tuttuğu dal elinde kalmak;Dayandığı, güvendiği şey önemini kaybederek işe yaramaz hâle gelmek
Tuttuğunu koparmak;Her girişiminden başarıyla çıkmak, her işi becermek
Tutunacak dalı olmamak;Güveneceği, dayanacağı kimse bulunmamak
Tuz biber olmak;Bir üzüntünün acısını, bir kusurun ağırlığını daha da artırmak
Tuzla buz olmak;paramparça olmak
Tuzluya mal olmak;Oldukça çok para harcanarak sağlanmış olmak
Tuzu kuru;"Hiçbir derdi, sıkıntısı olmayan; kazancı yerinde olduğu için kaygılanmayan"
Tükürdüğünü yalamak;Verdiği sözden geri dönerek benliğini küçültmek
Türküsünü çağırmak;Birinin hoşuna gidecek davranış ortaya koymak, söz söylemek, onun tarafını tutmak
Tüyleri diken diken olmak;Tüyleri diken diken olmak
Ucu dokunmak;Bir işten biri zarar görür olmak, söylenen bir söz birine zarar vermek
Ucunu kaçırmak;Çıkmaza girmek, denetimi elinden kaçırmak
Ucu ortası belli olmamak;Bir işe, söze nereden başlanacağı kestirilememek
Ucunda bir şey olmak;Bir şeyde gizli bir amaç bulunmak
Ucu ucuna;Ancak yetişecek kadar
Ucuz atlatmak;Güç ve tehlikeli durumdan az bir zararla sıyrılmak
Uçan kuşa borcu olmak;Pek çok kişiye borçlu olmak
Uçan kuştan medet ummak;Pek sıkıntıda bulunup, bu sıkıntıdan kurtulmak için her türlü çareye, olmadık yerlere başvurmak, yardım istemek
Uçsuz bucaksız;Çok geniş
Ulu orta söz söylemek;Bir şeyin aslını bilmeden, düşünüp tartmadan, çekinmeden, açıktan açığa konuşmak
Ununu elemiş, eleğini asmış;Hayatta yapmak istediklerini yapmış, geri kalan ömrü süresince artık yapacak önemli bir işi kalmamış
Utancından yere geçmek;Çok utanmak, kimsenin yüzüne bakamayıp sanki saklanacak yer aramak
Uyku bastırmak;Aşırı derecede uykusu gelmek, uyuma isteği duymak
Uyku gözünden akmak;Çok uykusu gelmek, göz kapakları kapanmak
Uykusu kaçmak;Uyuması gerekirken herhangi bir sebepten ötürü uyuyamamak
Uykusunu almak;Gerektiği kadar uyumuş olmak
Uyku tulumu;Uykuyu çok seven kimse, çok uyuyan
Uyur uyanık;Yarı uykulu
Uzun etmek;Sözü uzatmak, tartışmayı sürdürmek
Uzun uzadıya;Çok ayrıntılı olarak, en ince noktalarına inerek
Üç aşağı beş yukarı;Az bir farkla, az fazla ya da az eksik olmak üzere, yaklaşık olarak
Üç buçuk atmak;Çok korkmak, korku içinde olmak, istenmeyen bir durum olacak diye korkup durmak
Ümidini kesmek;olacağını beklememek, kavuşamayacağını anlamak
Ümitsizliğe düşmek;Gerçekleşmeyeceğine, olmayacağına inanmak
Üst baş;Kılık kıyafet, giyim kuşam
Üste çıkmak;Suçlu olduğu halde suçsuz durumda olduğunu söyleyip karşısındakini suçlamak
Üstesinden gelmek;Becermek, üzerine aldığı işi başarmak, yapmak
Üst perdeden konuşmak;Üstünlük taslayarak konuşmak
Üstü başı dökülmek;Kılık ve kıyafeti çok eski olmak, perişan durumda bulunmak
Üstü kapalı konuşmak;Açık, kesin ifadeler kullanmadan konuşup dinleyenin kavrayışına bırakmak
Üstünde durmak;Bir işe önem vermek, o işle yakından ilgilenmek, uğraşmak
Üstüne almak;Alınmak, bir hareketin kendisine karşı yapıldığını sanarak kaygılanmak
Üstüne atmak;Kendi yaptığı bir suçu birine yüklemek
Üstüne basmak;Yerinde bir fikir beyan etmek
Üstüne bir bardak (soğuk) su içmek;O işten umudunu kesmek, o işin olacağına inanmamak, parasını ya da malını almaktan vazgeçmek
Üstüne varmak;Bir şeyi yapmasını zorlayarak istemek
Üstüne yıkmak;Kendi işlediği bir suçu başkasına yüklemek
Üzerine titremek;"Pek fazla sevgi, özen göstermek; zarar gelmesin diye itinalı davranmak"
Üzüm üzüm üzülmek;Haddinden fazla, çok üzülmek
Vadesi gelmek;Ömrü sona ermek, eceli gelmek, ölmek
Vakitli vakitsiz;Rastgele bir zamanda, gelişigüzel, uygun bir zamanı gözetmeden.
Vaktini öldürmek;Zamanını yararsız, gereksiz, boş işlerle ya da hiç iş yapmadan, boş yere geçirmek
Vaktini şaşmamak;Tam zamanında
Vara yoğa karışmak;Her şeye, üstüne lazım olsun olmasın her işe karışmak
Varlıkta darlık çekmek;Elinde her imkan olduğu halde bunlardan yararlanamamak, sıkıntıya düşmek
Vebali boynuna olmak;Bir işin günahını yüklenmek
Velveleye vermek;Gereksiz bir heyecana, telaşa düşürmek
Verip veriştirmek;Ağır sözler söylemek, ağzına ne gelirse söylemek
Vıdı vıdı etmek;Söylenip durmak, hemen her şeyi eleştirip beğenmediğini söyleyerek durmadan konuşmak, etrafındakileri rahatsız etmek
Vız gelip tırıs gitmek;Hiç önemsememek, aldırış etmemek
Viraneye çevirmek;Yakıp yıkmak, yıkıntı durumuna getirmek, harap etmek
Vurduğu yerden ses getirmek;çok kuvvetli vurmak
Vurdumduymaz Kör Ayvaz;Umursamaz, aldırmaz, duygusuz ve kayıtsız kimse
Vur patlasın çal oynasın;"Aşırı zevk ve eğlence; aşırı zevk ve eğlenceye düşkün kimsenin parasını bu yolda harcaması"
Vurucu güç;Çok etkin silahlarla donatılmış, özel eğitim görmüş askerî birlik
Vücuda getirmek;Oluşturmak, meydana getirmek, var etmek
Yabana atmak;Önem vermemek, önemsiz görüp dikkate almamak, üzerinde durmamak
Yabancılık çekmek;Bir iş ya da çevrede yabancı olmaktan dolayı ortaya çıkan zorlukların etkisinde kalmak
Ya bu deveyi gütmeli, ya bu diyardan gitmeli;Bu işi mutlaka yapmalısın, başka yolu yok, aksi taktirde burada kalamazsın
Ya devlet başa, ya kuzgun leşe;Giriştiğim iş beni ya büyük bir varlığa ve mevkiye ulaştıracak ya da mahvedecek, batıracak
Yağcılık etmek;Dalkavukluk etmek, övmek, pohpohlamak
Yağlı ballı olmak;Araları çok iyi, içli dışlı, samimi olmak
Yağlı kapı;Çalıştırdığı kimselere bol kazanç sağlayan kimse, kuruluş, aile ya da yer
Yağmurdan kaçarken doluya tutulmak;Bir tehlikeden, güç bir durumdan kaçarken daha kötüsüyle karşılaşmak
Yağmur yağarken küpünü doldurmak;Kazanma fırsatı varken ondan yararlanıp para veya mal edinmek
Yakadan atmak;Savıp kurtulmak, başından atmak
Yaka paça;Hiçbir itiraz dinlemeden, zorla, kuvvet kullanarak
Yakasına yapışmak;Hesap sormak ya da bir şey istemek için tutup bırakmamak
Yakasını bırakmamak;Bezdirecek kadar üstüne düşmek, ısrar etmek, yanından ayrılmamak
Yakasını kaptırmak;Bir şeyin, bir kimsenin etkisinden kendisini kurtaramamak, ona bağlanmış olmak
Yaka silkmek;"Bıkıp usanmak; bir iş, durum, yer ya da kimsenin olumsuz yanlarından tedirginlik duyduğunu belirtmek"
Yakayı ele vermek;Yakalanmak, kaçamayarak ele geçmek
Yakayı kurtarmak;Umulmazken bir işten ya da kimseden kurtulmak, kaçmak
Yakışık almamak;Yerinde olmamak, uygun düşmemek, yaraşmamak
Yalancısı olmak;Doğruluğu bilinmeyen, inanılmayacak sözleri bir başkasından işiterek söylemiş olmak
Yalan dolan;Hile, düzen, dalavere, yolsuz davranış
Yan bakmak;Beğenmeyerek, kötü niyetle, düşmanca bakmak
Yan çizmek;Kendisine yüklenen bir görevden kaçmak
Yan gelip yatmak;Yapacak işleri olduğu hâlde yapmamak, rahatına bakmak, keyfince yaşamak
Yangına körükle gitmek;Anlaşmazlığı, gerginliği, kargaşalığı artırıcı, her iki tarafı kışkırtıcı söz ve davranışlarda bulunmak
Yan gözle bakmak;Göz ucuyla bakmak
Yanına bırakmamak;Kendisine yapılan kötülüklerin öcünü almak, cezasını sert karşılıklarla vermek
Yanına (kâr) kalmak;Kendisinden öç alınmamak, yaptığı kötülük sert karşılık görmemek, cezasız kalmak
Yanından bile geçmemiş;Hiç ilgisi yok, en ufak benzerliği bile yok
Yanlış kapı çalmak;İsteğinin yapılamayacağı bir yere başvurmak
Yan tutmak;Taraflardan birini desteklemek
Yan yan bakmak;Düşmanca, kötü niyetle bakmak
Yapmadığını bırakmamak;Bütün kötülükleri yapmak, eziyet etmek
Yara açmak;Büyük dert, acı, üzüntü vermek
Yarı buçuk;Tam değil, çok az, tamamlanmamış, baştan savma
Yarım ağızla;İsteksizce, istemeye istemeye, gönülsüzce
Yarım yamalak;Gelişigüzel, üstünkörü, eksik ve kusurlu
Yarından tezi yok;En kısa zamanda, çok çabuk, geciktirmeden
Yarı yolda bırakmak;Verilen desteği, yapılan yardımı sonuna kadar götürmemek
Ya sabır çekmek;Kötülüklere, sıkıntılara, üzücü olaylara karşı tepki göstermemeye çalışıp Allah’tan kendisine sabır vermesini istemek
Yaşını başını almış;Yaşı epeyce ilerlemiş olmak, yaşlanmış veya olgunlaşmış olmak
Yaşını içine akıtmak;"Hissettiği acıyı, ızdırabı, üzüntüyü belli etmemek; ağlamak isteğini bastırmak"
Yaş tahtaya basmamak;Kolay kolay tuzağa düşmemek, uyanık davranmak
Yatağa düşmek;Hastalık yüzünden yatmak zorunda kalmak, ayağa kalkamayacak durumda olmak
Yataklık etmek;Bir suçluya yardım etmek, onu gizlemek, barındırmak
Yatak yorgan yatmak;Çok hasta olmak
Yaygarayı basmak;Bağırıp çağırmak, önemli bir nedeni olmadığı hâlde feryat etmek
Yaz boz tahtasına çevirmek;Bir konuda birbirine uymayan kararlar almak, kararsızlık yüzünden bir konuda sık sık fikir değiştirmek
Yedi düvel; herkes, bütün dünya
Yediden yetmişe;En büyüğünden en küçüğüne, eli ayağı tutan herkes
Yedi iklim dört bucak;Hemen her yer, bütün dünya
Yedi kat yabancı;El, ne akraba ne tanıdık, hiçbir yakınlığı yok
Yeğ tutmak;Bir şeyi bir şeyden daha önemli görüp tercih etmek
Yelkenleri suya indirmek;"Israrından, iddiasından, direnmekten vazgeçip karşısındakinin dediğini kabul etmek; yüksekten atıp tutmayı bırakarak yumuşamak"
Yerden yere çalmak;Çok hırpalamak, acınacak duruma düşürmek, zor durumlarda bırakmak
Yere bakan yürek yakan;Uslu, uysal, sessiz görünüp gizliden gizliye ve sinsice dolap çeviren, kötülük yapan kimse
Yere göğe sığdıramamak;Çok önem vermek, nasıl ağırlayacağını ve memnun edip mutlu kılacağını bilememek
Yer etmek;İz bırakmak
Yerinde saymak;Hiç gelişme, ilerleme gösterememek
Yerinde yeller esmek;Yok olmak, artık bulunmamak
Yerin dibine geçmek;Çok utanmak, sıkılmak
Yerini doldurmak;Daha önce görevinden ayrılan, yerine geçtiği biri kadar başarılı olmak
Yeri yurdu belirsiz;"Serseri; ne iş yaptığı, nerde kaldığı, nereli olduğu bilinmeyen"
Yerle bir etmek;Bir yeri yakıp yıkmak, tahrip etmek, temeline kadar söküp dağıtmak
Yerli yersiz;Uygun olsun olmasın, uygun zamanı kollamadan
Yer yarılıp içine girmek;Yitirilen şey bir türlü bulunamamak
Yer yerinden oynamak;Bir olay toplumda telâş, heyecan, gürültü, patırtı, kargaşa oluşturmak
Yeşil ışık yakmak;Bir şeyin olmasına izin vermek
Yılan hikâyesi;Bir türlü sonuca bağlanamayan, çözümlenemeyen, uzayıp giden (mesele ya da iş)
Yılanın kuyruğuna basmak;Zararı dokunacak, kötülük yapacak bir kimseye ilişmek ya da sataşmak yoluyla fırsat vermek
Yıldırımları (veya şimşekleri) üstüne çekmek;Kimi davranışlarıyla pek çok kimseyi kızdırarak eleştirilere, saldırılara yol açmak
Yıldızı barışmamak;Aralarında görüş, düşünce ve duygu ayrılıkları bulunup birbirlerinden hoşlanmamak, birbirleriyle iyi geçinmemek, anlaşıp uyuşamamak
Yıldızı parlamak;Çok başarılı olup herkesin dikkatini çekecek duruma gelmek, ün kazanmak
Yıldızı sönmek;Ününü ve itibarını kaybetmek
Yok pahasına;Son derece ucuz, değerinin altında bir fiyata
Yola gelmek;Ters tutumunu düzeltmek, uslanmak, istenilen biçimdeki davranışı kabul etmek
Yola getirmek;Birinin bir konudaki ters tutumunu düzeltmek
Yol aramak;Bir meseleye çare bulmaya çalışmak, imkân aramak
Yol bulmak;Bir çözüm, bir çare bulmak
Yol geçen hanı;Hemen herkesin girip çıktığı, uğradığı yer
Yol göstermek;Rehberlik etmek, yolu bilmeyene tarif etmek, nasıl gidileceğini anlatmak
Yol iz bilmemek;Bulunduğu yerde yabancı olup gideceği yolu ve yeri bilmemek
Yolu düşmek;"Yolu üzerinde bulunan o yerden geçmesi gerekmek; o yer, yolu üzerinde bulunmak"
Yoluna girmek;İstenilen biçimi almak, gerekli olan şekilde gelişmek
Yoluna koymak;Bir işi olumlu bir duruma sokmak, istenilen şekle getirmek
Yolunu beklemek;Gelmesini beklemek
Yolunu bulmak;Çözüme ulaşmak, gereken çareyi bulmak
Yolunu sapıtmak;Kötü yola düşmek, doğru yoldan ayrılmak
Yolunu yapmak;Bir işi olumlu sonuca ulaştıracak ya da mümkün kılacak girişimde bulunup hazırlık yapmak veya tedbir almak
Yol yordam;Bir şey, davranış ya da yapışın usul ve kuralları
Yufka yürekli;Çok duygulu olup olaylardan hemen etkilenip ağlayan, çok acıyan, üzülen
Yukarı tükürsem bıyık, aşağı tükürsem sakal;İki davranış, iki kimse, iki karşıt şey arasında bir tercih yapamama zorluğu
Yumuşak yüzlü;Kendisinden istenilenleri geri çevirmeyen, kimseyi gücendirmek istemeyen kimse
Yuvarlak hesap;Ayrıntıya girmeden, bir bütün sayıya yaklaşık olarak tamamlanabilen hesap
Yuvarlanıp gitmek;Eldeki imkânlar içinde hayat sürmek
Yük altına girmek;Sorumluluk gerektiren, ağır bir görevi kabul etmek
Yükseklerde dolaşmak;Elde edilmesi zor şeyler istemek
Yüksek perdeden konuşmak;Yapılması güç şeyleri yapacakmış gibi abartılı konuşmak
Yüksekten atmak;Yapamayacağı şeyleri söylemek
Yükte hafif pahada ağır;Taşınması kolay, değerli eşya
Yükün altından kalkmak;Üzerine aldığı ağır bir işi başarmak
Yüreği ağzına gelmek;Birden bire çok korkmak, kalbi yerinden fırlayacakmış gibi hızlı hızlı atmak
Yüreği cız etmek;Çok acımak, içi sızlamak
Yüreği çarpmak;Korku ve kaygı duyup merak etmek, bu sebeple tedirgin olmak
Yüreği dayanmamak;Çok acı duymak, acısına katlanamamak
Yüreği hop etmek;Bir olay karşısında birdenbire korkup heyecanlanmak
Yüreği ferahlamak;kaygıdan, sıkıntıdan kurtulmak
Yüreğine su serpilmek;Duyduğu üzüntüyü hafifletecek bir haberle karşılaşmak, ferahlamak
Yüreği küt küt atmak;Korku ve heyecandan yüreği hızlı hızlı çarpmak
Yüreği pek;Korkusuz, çok cesaretli
Yüreği yanmak;Çok fazla acımak
Yüz bulmak;Kendisine gösterilen hoşgörüden yararlanma yoluna gidip şımarmak, hoşa gitmeyen davranışlarda bulunmak
Yüze gülmek;Yalandan dost görünmeye çalışmak
Yüze vurmak;İşlediği bir suçu ya da kabahati birinin açıkça yüzüne söyleyip onun utanmasına yol açmak
Yüze yüze kuyruğuna gelmek;Uzun süren bir işin sonuna yaklaşmış olmak
Yüz göz olmak;Senli benli olmak ve birbirinden çekineceği kalmamak, aradaki mesafe kalkmış olmak
Yüz karası;Ailesi, çevresi için utanç verici bir iş yapmak
Yüz kızartıcı;Çok utandırıcı hareket veya durum
Yüzü ak;"Suçu, utanılacak durumu bulunmamak; temiz ve saf olmak"
Yüzü kalmamak;Bir kimseye karşı pek borçlu bulunmak ve ondan artık bir şey isteyecek hâli kalmama
Yüzü kara;Utanacak bir durumu olan
Yüzünden düşen bin parça olmak;Sıkıntısı, öfkesi ve küskünlüğü yüz ifadesinden belli olmak
Yüzünden okumak;Neler hissettiğini, durumunu yüzünden anlamak
Yüzüne kan gelmek;"sağlığına kavuştuğu yüzünün kızarmasından belli olmak; soluk rengi geçmek"
Yüzünü ekşitmek;Rahatsız olduğunu, hoşnut olmadığını, öfke duyduğunu yüz ifadesiyle belli etmek
Yüzünü gören cennetlik;Uzun bir süre ortalıkta görünmeyen kimseler
Yüzünü kara çıkarmak;Yaptığı bir iş ya da davranışla birini utandırmak, mahçup duruma düşürmek
Yüzünün akıyla çıkmak;Bir işe girip o işten başarı elde ederek, onurunu zedelemeden, utanılacak bir duruma düşmeden çıkmak
Yüzü sirke satmak;Yüzünden hoşnut olmadığı anlaşılmak, asık yüzlü olmak
Yüz üstü bırakmak;Tamamlanmamış bir durumda, yarı yolda bırakmak
Yüzü suyu hürmetine;Bir kimsenin hatırına değer verildiği için
Yüzü tutmamak;Bir şey istemeye ya da söylemeye çekinmek, cesaret edememek
Yüz vermek;"Her istediğini yerine getirerek şımartmak; yakınlık göstererek, hoş görülü davranarak ölçüsüz hareketler yapmasına sebep olmak"
Yüz yüze bakmak;Yakın ilişki içinde bulunup, bu ilişkileri bir süre devam etmek
Zahmet çekmek;Sıkıntı, güçlük, yorgunluk ve eziyetlere katlanmak
Zahmete sokmak;"Birine sıkıntı, güçlük ve yorgunluk vermek; masraf ettirmek"
Zaman kollamak;Uygun bir fırsat beklemek
Zehir etmek;Bir şeyin tadını kaçırmak, iyiyken kötü duruma sokmak
Zehir zemberek;İnsanın içine işleyen, onurunu zedeleyen çok acı söz
Zemin hazırlamak;Bir işin gerçekleştirilmesi için uygun ortam hazırlamak
Zerre kadar;Hiç denecek kadar az
Zeval vermemek;Zarar ziyan vermemek, korumak
Zevkten dört köşe olmak;Çok mutlu olduğu anlaşılmak, çok sevinip keyiflenmek ve aşırı zevk duymak
Zeytinyağı gibi üste çıkmak;Bir konuda haksız olduğunu kabullenmeyerek kurnazlıkla kendini haklı ya da suçsuz çıkarmaya çalışmak
Zıttına gitmek;"Karşısındakini sinirlendirmek, sinirini bozmak; bir şeyin tersine hareket etmek"
Zılgıt yemek;Azarlanmak, paylanmak
Zınk diye durmak;Birdenbire, aniden durmak
Zırnık bile koklatmamak;Az da olsa, en ufak bir şey de olsa vermemek
Zıvanadan çıkmak;Çok sinirlenip öfkelenmek, taşkınca hareketlerde bulunmak
Zihni bulanmak;Sağlıklı düşünemez olmak, olaylar arasındaki bağlantıyı kaybetmek, ne yapacağını şaşırmak
Zihnini bulandırmak;Kuşkulandırmak
Zihnini kurcalamak;Aklına takılan bir şeyi anlamaya, kavramaya çalışmak
Zil takıp oynamak;Çok sevinmek
Ziyafet çekmek;Konukları yemek vererek ağırlamak
Zokayı yutmak;Aldatılıp zarara sokulmak
Zora binmek;İş güçleşmek, ancak zor kullanarak halledilecek hâle gelmek
Zora gelmemek;Sıkıntıya ve baskıya katlanamamak, güçlüğe sabredememek
Zoru olmak;Kendisini zorlayan bir sıkıntısı, derdi olmak
Zurnanın zırt dediği yer;Yapılmakta olan işin en hassas, en önemli noktası
